"id","materia","modulo_num","modulo","unidade","licao_num","licao_titulo","objetivo","topico_edital","nivel","ano","trimestre","ciclo","inicio_ciclo","fase_prova","tipos_exercicio","prerequisito_id","referencia","minutos"
"POR-01-01","Língua Portuguesa","1","Sistema gráfico","Ortografia","1","Ortografia oficial e Acordo de 2009: regras gerais e hífen","Aplicar as regras de grafia do Acordo Ortográfico, incluindo o emprego do hífen.","1.1","Básico","1","T1",1,"2026-11-02","1ª e 2ª","certo_errado;multipla_escolha;flashcard","","Academia Brasileira de Letras — Vocabulário Ortográfico da Língua Portuguesa","8"
"POR-01-02","Língua Portuguesa","1","Sistema gráfico","Ortografia","2","Grafias problemáticas: s/z, ss/ç, x/ch, g/j, homófonos e parônimos gráficos","Distinguir grafias frequentemente confundidas em contexto.","1.1","Básico","1","T1",1,"2026-11-02","1ª e 2ª","lacuna;multipla_escolha;certo_errado","POR-01-01","Cegalla, Domingos Paschoal — Novíssima Gramática da Língua Portuguesa","8"
"POR-01-03","Língua Portuguesa","1","Sistema gráfico","Acentuação","3","Acentuação gráfica: tonicidade, regras gerais, hiatos e acento diferencial","Acentuar corretamente palavras segundo as regras vigentes.","1.1","Básico","1","T1",3,"2026-11-30","1ª e 2ª","lacuna;certo_errado;flashcard","POR-01-02","Cegalla, Domingos Paschoal — Novíssima Gramática da Língua Portuguesa","9"
"POR-01-04","Língua Portuguesa","1","Sistema gráfico","Pontuação","4","Vírgula I: termos da oração e deslocamentos","Empregar a vírgula entre termos da oração e com adjuntos deslocados.","1.1","Básico","1","T1",5,"2026-12-28","1ª e 2ª","certo_errado;lacuna;multipla_escolha","POR-01-03","Bechara, Evanildo — Moderna Gramática Portuguesa","8"
"POR-01-05","Língua Portuguesa","1","Sistema gráfico","Pontuação","5","Vírgula II: período composto, orações coordenadas e subordinadas","Empregar a vírgula no período composto e justificar sua presença ou ausência.","1.1","Intermediário","1","T2",7,"2027-01-25","1ª e 2ª","certo_errado;lacuna;multipla_escolha","POR-01-04","Bechara, Evanildo — Moderna Gramática Portuguesa","8"
"POR-01-06","Língua Portuguesa","1","Sistema gráfico","Pontuação","6","Ponto e vírgula, dois-pontos, travessão, parênteses e aspas","Escolher o sinal de pontuação adequado ao efeito de sentido pretendido.","1.1","Intermediário","1","T2",8,"2027-02-08","1ª e 2ª","multipla_escolha;certo_errado;associar","POR-01-05","Cunha, Celso; Cintra, Lindley — Nova Gramática do Português Contemporâneo","8"
"POR-01-07","Língua Portuguesa","1","Sistema gráfico","Legibilidade","7","Legibilidade: clareza de períodos, parágrafos e organização visual do texto","Avaliar a legibilidade de um trecho e reescrevê-lo para ganhar clareza.","1.1","Intermediário","1","T2",10,"2027-03-08","1ª e 2ª","certo_errado;resposta_curta;ordenar","POR-01-06","Garcia, Othon M. — Comunicação em Prosa Moderna","8"
"POR-01-08","Língua Portuguesa","1","Sistema gráfico","Checkpoint","8","Checkpoint M01: sistema gráfico","Verificar o domínio de ortografia, acentuação, pontuação e legibilidade em itens C/E.","1.1","Intermediário","1","T2",10,"2027-03-08","1ª e 2ª","certo_errado;multipla_escolha;lacuna","POR-01-07","","10"
"POR-02-01","Língua Portuguesa","2","Morfossintaxe","Morfologia","9","Substantivo, adjetivo, artigo e numeral: flexão e emprego","Identificar e flexionar corretamente as classes nominais.","1.2","Básico","1","T2",12,"2027-04-05","1ª e 2ª","multipla_escolha;certo_errado;flashcard","","Cegalla, Domingos Paschoal — Novíssima Gramática da Língua Portuguesa","8"
"POR-02-02","Língua Portuguesa","2","Morfossintaxe","Morfologia","10","Pronomes: classificação e emprego","Classificar pronomes e empregá-los segundo a norma culta.","1.2","Básico","1","T3",14,"2027-05-03","1ª e 2ª","certo_errado;multipla_escolha;associar","POR-02-01","Cunha, Celso; Cintra, Lindley — Nova Gramática do Português Contemporâneo","8"
"POR-02-03","Língua Portuguesa","2","Morfossintaxe","Morfologia","11","Verbos I: flexão, tempos, modos e correlação verbal","Empregar tempos e modos verbais mantendo a correlação temporal.","1.2","Básico","1","T3",14,"2027-05-03","1ª e 2ª","lacuna;certo_errado;multipla_escolha","POR-02-02","Cegalla, Domingos Paschoal — Novíssima Gramática da Língua Portuguesa","9"
"POR-02-04","Língua Portuguesa","2","Morfossintaxe","Morfologia","12","Verbos II: vozes verbais, formas nominais, irregulares e defectivos","Transpor frases entre voz ativa, passiva e reflexiva e conjugar verbos problemáticos.","1.2","Intermediário","1","T3",16,"2027-05-31","1ª e 2ª","lacuna;certo_errado;resposta_curta","POR-02-03","Bechara, Evanildo — Moderna Gramática Portuguesa","9"
"POR-02-05","Língua Portuguesa","2","Morfossintaxe","Morfologia","13","Palavras invariáveis: advérbio, preposição, conjunção e interjeição","Reconhecer o valor semântico e sintático das palavras invariáveis.","1.2","Básico","1","T3",18,"2027-06-28","1ª e 2ª","associar;multipla_escolha;certo_errado","POR-02-04","Cunha, Celso; Cintra, Lindley — Nova Gramática do Português Contemporâneo","8"
"POR-02-06","Língua Portuguesa","2","Morfossintaxe","Sintaxe da oração","14","Termos da oração e predicação verbal","Analisar sintaticamente termos essenciais, integrantes e acessórios.","1.2","Básico","1","T4",20,"2027-07-26","1ª e 2ª","multipla_escolha;certo_errado;associar","POR-02-05","Cegalla, Domingos Paschoal — Novíssima Gramática da Língua Portuguesa","9"
"POR-02-07","Língua Portuguesa","2","Morfossintaxe","Período composto","15","Coordenação: tipos de orações coordenadas e valores semânticos","Classificar orações coordenadas e substituir conectivos preservando o sentido.","1.2","Intermediário","1","T4",21,"2027-08-09","1ª e 2ª","certo_errado;associar;multipla_escolha","POR-02-06","Bechara, Evanildo — Moderna Gramática Portuguesa","8"
"POR-02-08","Língua Portuguesa","2","Morfossintaxe","Período composto","16","Subordinação substantiva e adjetiva (restritivas e explicativas)","Distinguir orações subordinadas substantivas e adjetivas e seus efeitos de sentido.","1.2","Intermediário","1","T4",23,"2027-09-06","1ª e 2ª","certo_errado;multipla_escolha;associar","POR-02-07","Cunha, Celso; Cintra, Lindley — Nova Gramática do Português Contemporâneo","9"
"POR-02-09","Língua Portuguesa","2","Morfossintaxe","Período composto","17","Subordinação adverbial e orações reduzidas","Relacionar orações adverbiais e reduzidas às relações de sentido que expressam.","1.2","Intermediário","2","T5",27,"2027-11-01","1ª e 2ª","certo_errado;associar;multipla_escolha","POR-02-08","Cegalla, Domingos Paschoal — Novíssima Gramática da Língua Portuguesa","9"
"POR-02-10","Língua Portuguesa","2","Morfossintaxe","Relações sintáticas","18","Concordância verbal e nominal: regra geral e casos especiais","Aplicar a concordância em casos de sujeito composto, coletivo e expressões especiais.","1.2","Intermediário","2","T5",27,"2027-11-01","1ª e 2ª","certo_errado;lacuna;multipla_escolha","POR-02-09","Bechara, Evanildo — Moderna Gramática Portuguesa","9"
"POR-02-11","Língua Portuguesa","2","Morfossintaxe","Relações sintáticas","19","Regência verbal e nominal","Empregar corretamente verbos e nomes com seus complementos preposicionados.","1.2","Intermediário","2","T5",27,"2027-11-01","1ª e 2ª","certo_errado;lacuna;multipla_escolha","POR-02-10","Cegalla, Domingos Paschoal — Novíssima Gramática da Língua Portuguesa","9"
"POR-02-12","Língua Portuguesa","2","Morfossintaxe","Relações sintáticas","20","Crase","Decidir sobre o emprego do acento indicativo de crase em contextos variados.","1.2","Intermediário","2","T6",33,"2028-01-24","1ª e 2ª","certo_errado;lacuna;multipla_escolha","POR-02-11","Cegalla, Domingos Paschoal — Novíssima Gramática da Língua Portuguesa","8"
"POR-02-13","Língua Portuguesa","2","Morfossintaxe","Relações sintáticas","21","Colocação pronominal","Posicionar pronomes oblíquos átonos conforme a norma culta.","1.2","Intermediário","2","T6",34,"2028-02-07","1ª e 2ª","certo_errado;lacuna;ordenar","POR-02-12","Cegalla, Domingos Paschoal — Novíssima Gramática da Língua Portuguesa","8"
"POR-02-14","Língua Portuguesa","2","Morfossintaxe","Reescrita","22","Reescrita de trechos: equivalência, correção e alteração de sentido","Avaliar se a reescrita de um trecho preserva sentido e correção gramatical.","1.2","Avançado","2","T6",34,"2028-02-07","1ª e 2ª","certo_errado;multipla_escolha;resposta_curta","POR-02-13","Azeredo, José Carlos de — Gramática Houaiss da Língua Portuguesa","10"
"POR-02-15","Língua Portuguesa","2","Morfossintaxe","Checkpoint","23","Checkpoint M02: morfossintaxe","Verificar o domínio de morfossintaxe em itens C/E no estilo Cebraspe.","1.2","Avançado","2","T6",34,"2028-02-07","1ª e 2ª","certo_errado;multipla_escolha;lacuna","POR-02-14","","10"
"POR-03-01","Língua Portuguesa","3","Semântica e vocabulário","Semântica","24","Relações de sentido: sinonímia, antonímia, hiponímia e hiperonímia","Reconhecer relações de sentido entre palavras e expressões em contexto.","1.3","Básico","1","T4",24,"2027-09-20","1ª e 2ª","associar;certo_errado;multipla_escolha","","","8"
"POR-03-02","Língua Portuguesa","3","Semântica e vocabulário","Semântica","25","Polissemia, homonímia, paronímia e ambiguidade","Distinguir polissemia, homonímia e paronímia e resolver ambiguidades.","1.3","Intermediário","2","T5",29,"2027-11-29","1ª e 2ª","certo_errado;multipla_escolha;associar","POR-03-01","","8"
"POR-03-03","Língua Portuguesa","3","Semântica e vocabulário","Vocabulário","26","Formação de palavras e etimologia: prefixos, sufixos e radicais gregos e latinos","Deduzir o significado de palavras a partir de seus formantes.","1.2; 1.4","Intermediário","2","T5",29,"2027-11-29","1ª e 2ª","associar;flashcard;multipla_escolha","POR-03-02","Cegalla, Domingos Paschoal — Novíssima Gramática da Língua Portuguesa","9"
"POR-03-04","Língua Portuguesa","3","Semântica e vocabulário","Vocabulário","27","Latinismos, estrangeirismos e vocabulário jurídico, político e diplomático","Empregar com precisão latinismos e termos técnicos de uso frequente em textos formais.","1.4","Intermediário","2","T6",35,"2028-02-21","1ª e 2ª","flashcard;associar;certo_errado","POR-03-03","","8"
"POR-03-05","Língua Portuguesa","3","Semântica e vocabulário","Checkpoint","28","Checkpoint M03: semântica e vocabulário","Verificar o domínio de semântica e vocabulário em itens C/E.","1.3; 1.4","Intermediário","2","T6",35,"2028-02-21","1ª e 2ª","certo_errado;multipla_escolha;associar","POR-03-04","","10"
"POR-04-01","Língua Portuguesa","4","Compreensão e análise de textos","Leitura","29","Técnica: como resolver itens Certo/Errado de interpretação e as armadilhas mais comuns","Aplicar um método de julgamento de itens C/E, reconhecendo extrapolação, reducionismo e inversão.","técnica","Básico","1","T1",5,"2026-12-28","1ª","certo_errado;resposta_curta","","","9"
"POR-04-02","Língua Portuguesa","4","Compreensão e análise de textos","Leitura","30","Ideia central, tese e estrutura argumentativa do texto","Identificar a tese, os argumentos e a organização de um texto dissertativo.","2.1","Básico","1","T3",18,"2027-06-28","1ª e 2ª","certo_errado;resposta_curta;multipla_escolha","POR-04-01","Fiorin, José Luiz; Savioli, Francisco Platão — Para Entender o Texto: Leitura e Redação","9"
"POR-04-03","Língua Portuguesa","4","Compreensão e análise de textos","Leitura","31","Inferência, pressuposto e subentendido","Distinguir informação explícita, pressuposta e inferida em um texto.","2.1","Intermediário","1","T4",24,"2027-09-20","1ª e 2ª","certo_errado;multipla_escolha;resposta_curta","POR-04-02","Garcia, Othon M. — Comunicação em Prosa Moderna","9"
"POR-04-04","Língua Portuguesa","4","Compreensão e análise de textos","Leitura","32","Análise crítica: pontos de vista, argumentos e falácias","Avaliar criticamente a solidez de um argumento e identificar falácias comuns.","2.1","Avançado","2","T7",40,"2028-05-01","1ª e 2ª","certo_errado;discursiva;resposta_curta","POR-04-03","","9"
"POR-04-05","Língua Portuguesa","4","Compreensão e análise de textos","Checkpoint","33","Checkpoint M04: compreensão e análise de textos","Verificar a compreensão e a análise crítica de textos em itens C/E.","2.1","Avançado","2","T7",40,"2028-05-01","1ª e 2ª","certo_errado;multipla_escolha","POR-04-04","","10"
"POR-05-01","Língua Portuguesa","5","Linguística, literatura e estilística","Linguística","34","Funções da linguagem","Identificar a função predominante da linguagem em trechos variados.","2.2","Básico","2","T5",29,"2027-11-29","1ª e 2ª","multipla_escolha;associar;certo_errado","","Jakobson, Roman — Linguística e Comunicação","8"
"POR-05-02","Língua Portuguesa","5","Linguística, literatura e estilística","Linguística","35","Níveis de linguagem e registro","Reconhecer e adequar o nível de linguagem à situação comunicativa.","2.2","Básico","2","T5",31,"2027-12-27","1ª e 2ª","certo_errado;associar;multipla_escolha","POR-05-01","","8"
"POR-05-03","Língua Portuguesa","5","Linguística, literatura e estilística","Linguística","36","Variação linguística: diatópica, diastrática, diafásica e diacrônica","Classificar tipos de variação linguística e relacioná-los à norma culta.","2.2","Intermediário","2","T6",37,"2028-03-20","1ª e 2ª","certo_errado;associar;multipla_escolha","POR-05-02","Bagno, Marcos — Preconceito Linguístico","8"
"POR-05-04","Língua Portuguesa","5","Linguística, literatura e estilística","Gêneros e estrutura","37","Gêneros e estilos textuais; estrutura textual","Caracterizar gêneros textuais e a organização estrutural de cada um.","2.2","Intermediário","2","T6",38,"2028-04-03","1ª e 2ª","associar;certo_errado;multipla_escolha","POR-05-03","Fiorin, José Luiz; Savioli, Francisco Platão — Para Entender o Texto: Leitura e Redação","9"
"POR-05-05","Língua Portuguesa","5","Linguística, literatura e estilística","Literatura","38","Textos literários e não literários","Diferenciar textos literários e não literários por suas características.","2.2","Intermediário","2","T7",40,"2028-05-01","1ª e 2ª","certo_errado;multipla_escolha;flashcard","POR-05-04","Moisés, Massaud — Dicionário de Termos Literários","8"
"POR-05-06","Língua Portuguesa","5","Linguística, literatura e estilística","Literatura","39","Literatura brasileira: estilos de época e leitura de trechos","Associar trechos a estilos de época e a suas marcas estilísticas.","2.2","Intermediário","2","T7",42,"2028-05-29","1ª e 2ª","associar;multipla_escolha;flashcard","POR-05-05","Bosi, Alfredo — História Concisa da Literatura Brasileira","9"
"POR-05-07","Língua Portuguesa","5","Linguística, literatura e estilística","Estilística","40","Denotação e conotação","Distinguir sentido denotativo e conotativo em contexto.","2.2","Intermediário","2","T7",42,"2028-05-29","1ª e 2ª","certo_errado;multipla_escolha;associar","POR-05-06","","8"
"POR-05-08","Língua Portuguesa","5","Linguística, literatura e estilística","Estilística","41","Figuras de linguagem: de palavras, de pensamento, de sintaxe e sonoras","Identificar figuras de linguagem e o efeito de sentido que produzem.","2.2","Intermediário","2","T8",46,"2028-07-24","1ª e 2ª","associar;multipla_escolha;certo_errado","POR-05-07","Moisés, Massaud — Dicionário de Termos Literários","9"
"POR-05-09","Língua Portuguesa","5","Linguística, literatura e estilística","Checkpoint","42","Checkpoint M05: linguística, literatura e estilística","Verificar o domínio de linguística, literatura e estilística em itens C/E.","2.2","Intermediário","2","T8",46,"2028-07-24","1ª e 2ª","certo_errado;multipla_escolha;associar","POR-05-08","","10"
"POR-06-01","Língua Portuguesa","6","Redação dissertativa","Técnica de prova","43","Técnica: anatomia da prova de Português da 2ª fase e gestão das 4 horas","Planejar a distribuição do tempo entre rascunho, redação e revisão na prova de 4 horas.","técnica","Básico","1","T4",26,"2027-10-18","2ª","resposta_curta;ordenar","","","8"
"POR-06-02","Língua Portuguesa","6","Redação dissertativa","Dissertação","44","Tese, argumentação e fundamentação conceitual e factual","Formular uma tese e sustentá-la com argumentos conceituais e factuais.","2.3","Intermediário","2","T5",31,"2027-12-27","2ª","discursiva;resposta_curta;certo_errado","POR-06-01","Garcia, Othon M. — Comunicação em Prosa Moderna","9"
"POR-06-03","Língua Portuguesa","6","Redação dissertativa","Dissertação","45","Planejamento e estrutura: esboço, introdução, desenvolvimento e conclusão","Elaborar um esboço e organizar o texto em introdução, desenvolvimento e conclusão.","2.3","Intermediário","2","T5",31,"2027-12-27","2ª","ordenar;discursiva;resposta_curta","POR-06-02","Fiorin, José Luiz; Savioli, Francisco Platão — Para Entender o Texto: Leitura e Redação","9"
"POR-06-04","Língua Portuguesa","6","Redação dissertativa","Dissertação","46","Progressão temática e referencial","Encadear ideias e referentes de modo a garantir a progressão do texto.","2.3","Intermediário","2","T6",38,"2028-04-03","2ª","certo_errado;resposta_curta;discursiva","POR-06-03","Koch, Ingedore G. Villaça — A Coesão Textual","9"
"POR-06-05","Língua Portuguesa","6","Redação dissertativa","Dissertação","47","Coesão textual: conectivos, anáforas e mecanismos de retomada","Empregar mecanismos de coesão adequados às relações lógicas entre as ideias.","2.3","Intermediário","2","T6",38,"2028-04-03","2ª","lacuna;certo_errado;discursiva","POR-06-04","Koch, Ingedore G. Villaça — A Coesão Textual","9"
"POR-06-06","Língua Portuguesa","6","Redação dissertativa","Dissertação","48","Coerência textual","Avaliar a coerência de um texto e corrigir problemas de sentido global.","2.3","Intermediário","2","T7",43,"2028-06-12","2ª","certo_errado;resposta_curta;discursiva","POR-06-05","Koch, Ingedore G. Villaça; Travaglia, Luiz Carlos — A Coerência Textual","9"
"POR-06-07","Língua Portuguesa","6","Redação dissertativa","Dissertação","49","Objetividade, precisão, clareza e concisão","Reescrever períodos para torná-los mais objetivos, precisos e concisos.","2.3","Intermediário","2","T7",44,"2028-06-26","2ª","resposta_curta;discursiva;certo_errado","POR-06-06","Presidência da República — Manual de Redação","9"
"POR-06-08","Língua Portuguesa","6","Redação dissertativa","Defeitos de conteúdo","50","Defeitos de conteúdo I: descontextualização, generalização, simplismo e obviedade","Reconhecer e evitar defeitos de conteúdo ligados à pobreza de análise.","2.3.1","Intermediário","2","T7",45,"2028-07-10","2ª","certo_errado;resposta_curta;discursiva","POR-06-07","","8"
"POR-06-09","Língua Portuguesa","6","Redação dissertativa","Defeitos de conteúdo","51","Defeitos de conteúdo II: paráfrase, cópia, tautologia e contradição","Reconhecer e evitar paráfrase, cópia, tautologia e contradição.","2.3.1","Intermediário","2","T8",49,"2028-09-04","2ª","certo_errado;resposta_curta;discursiva","POR-06-08","","8"
"POR-06-10","Língua Portuguesa","6","Redação dissertativa","Vícios de linguagem","52","Vícios de linguagem I: ruptura de registro, coloquialismo, barbarismo e anacronismo","Identificar e corrigir vícios de registro e de adequação vocabular.","2.3.2","Intermediário","2","T8",49,"2028-09-04","2ª","certo_errado;resposta_curta;lacuna","POR-06-09","","8"
"POR-06-11","Língua Portuguesa","6","Redação dissertativa","Vícios de linguagem","53","Vícios de linguagem II: rebuscamento, redundância e linguagem estereotipada","Identificar e corrigir rebuscamento, redundância e clichês.","2.3.2","Intermediário","2","T8",50,"2028-09-18","2ª","certo_errado;resposta_curta;lacuna","POR-06-10","","8"
"POR-06-12","Língua Portuguesa","6","Redação dissertativa","Técnica de prova","54","Técnica: construção de repertório factual para a redação","Organizar um repertório de fatos e dados verificáveis e aplicá-lo sem generalizações vazias.","técnica","Intermediário","2","T8",52,"2028-10-16","2ª","flashcard;resposta_curta","POR-06-11","","8"
"POR-06-13","Língua Portuguesa","6","Redação dissertativa","Técnica de prova","55","Técnica: como produzir um resumo (síntese fiel de texto)","Sintetizar um texto preservando a ideia central e as relações entre as ideias.","técnica","Avançado","3","T9",54,"2028-11-13","2ª","resumo;discursiva","POR-06-12","","10"
"POR-06-14","Língua Portuguesa","6","Redação dissertativa","Revisão","56","Revisão final e correção gramatical da redação","Revisar um texto próprio em busca de erros gramaticais e de estilo.","2.3","Avançado","3","T9",54,"2028-11-13","2ª","resposta_curta;discursiva;lacuna","POR-06-13","","9"
"POR-06-15","Língua Portuguesa","6","Redação dissertativa","Checkpoint","57","Checkpoint M06: redação dissertativa cronometrada","Redigir um texto dissertativo completo sob limite de tempo e autoavaliá-lo.","2.3; 2.3.1; 2.3.2","Avançado","3","T9",56,"2028-12-11","2ª","discursiva;resposta_curta","POR-06-14","","10"
"POR-07-01","Língua Portuguesa","7","Simulados finais","Simulados","58","Simulado final da 2ª fase: redação e resumo","Executar um simulado completo da 2ª fase e diagnosticar pontos fracos.","técnica","Avançado","3","T10",59,"2029-01-22","2ª","discursiva;resumo","POR-06-15","","10"
"POR-07-02","Língua Portuguesa","7","Simulados finais","Simulados","59","Simulado final da 1ª fase: itens Certo/Errado de Língua Portuguesa","Executar um simulado de itens C/E de todo o conteúdo e revisar os erros.","1 a 2.3.2","Avançado","3","T11",62,"2029-03-05","1ª","certo_errado;multipla_escolha","POR-05-09","","10"
"ING-01-01","Língua Inglesa","1","Compreensão de textos em inglês","Técnica de prova","1","Técnica: anatomia da prova de Língua Inglesa (1ª e 2ª fases)","Mapear os componentes da prova de Inglês e definir a estratégia por fase.","técnica","Básico","1","T1",3,"2026-11-30","1ª e 2ª","resposta_curta;flashcard","","","7"
"ING-01-02","Língua Inglesa","1","Compreensão de textos em inglês","Técnica de prova","2","Técnica: como resolver itens C/E sobre textos em inglês","Aplicar o método palavra-chave, escopo e qualificador para julgar itens C/E.","técnica","Básico","1","T1",3,"2026-11-30","1ª","certo_errado;resposta_curta","ING-01-01","","9"
"ING-01-03","Língua Inglesa","1","Compreensão de textos em inglês","Compreensão","3","Skimming e scanning: macroestrutura de textos argumentativos","Localizar tese, argumentos e conclusão por leitura rápida.","1ª fase 1","Básico","1","T1",5,"2026-12-28","1ª","certo_errado;resposta_curta","ING-01-02","","8"
"ING-01-04","Língua Inglesa","1","Compreensão de textos em inglês","Compreensão","4","Ideia central e tese em editoriais e ensaios","Identificar a tese e a estrutura argumentativa de um editorial.","1ª fase 1","Básico","1","T2",8,"2027-02-08","1ª","certo_errado;multipla_escolha;resposta_curta","ING-01-03","","8"
"ING-01-05","Língua Inglesa","1","Compreensão de textos em inglês","Compreensão","5","Inferência, tom e atitude do autor","Inferir informações implícitas e a atitude do autor diante do tema.","1ª fase 1","Intermediário","1","T2",12,"2027-04-05","1ª","certo_errado;multipla_escolha","ING-01-04","","8"
"ING-01-06","Língua Inglesa","1","Compreensão de textos em inglês","Compreensão","6","Vocabulário em contexto: falsos cognatos, phrasal verbs e collocations","Inferir o sentido de itens lexicais pelo contexto.","1ª fase 1","Intermediário","1","T3",14,"2027-05-03","1ª","certo_errado;associar;flashcard","ING-01-05","Swan, Michael — Practical English Usage","8"
"ING-01-07","Língua Inglesa","1","Compreensão de textos em inglês","Compreensão","7","Leitura de imprensa especializada e textos de relações internacionais","Compreender textos de imprensa e de think tanks sobre política internacional e economia.","1ª fase 1","Intermediário","1","T3",16,"2027-05-31","1ª","certo_errado;multipla_escolha;flashcard","ING-01-06","The Economist — The Economist Style Guide","9"
"ING-01-08","Língua Inglesa","1","Compreensão de textos em inglês","Compreensão","8","Textos ensaísticos e literários: ironia, hedging e linguagem figurada","Interpretar ironia, atenuação e linguagem figurada em textos ensaísticos.","1ª fase 1","Avançado","2","T6",33,"2028-01-24","1ª","certo_errado;multipla_escolha;resposta_curta","ING-01-07","","9"
"ING-01-09","Língua Inglesa","1","Compreensão de textos em inglês","Checkpoint","9","Checkpoint M01: compreensão de textos em inglês","Verificar a compreensão de textos em inglês em itens C/E.","1ª fase 1","Avançado","2","T6",34,"2028-02-07","1ª","certo_errado;multipla_escolha","ING-01-08","","10"
"ING-02-01","Língua Inglesa","2","Itens gramaticais para compreensão","Gramática para compreensão","10","Tempos verbais e aspecto: efeitos de sentido em contexto","Interpretar o efeito de tempo e aspecto verbal no sentido do texto.","1ª fase 2","Intermediário","1","T3",16,"2027-05-31","1ª","certo_errado;multipla_escolha;lacuna","","Swan, Michael — Practical English Usage","8"
"ING-02-02","Língua Inglesa","2","Itens gramaticais para compreensão","Gramática para compreensão","11","Modais e expressão de modalidade, possibilidade e obrigação","Interpretar o grau de certeza e obrigação expresso por verbos modais.","1ª fase 2","Intermediário","1","T3",18,"2027-06-28","1ª","certo_errado;multipla_escolha","ING-02-01","Murphy, Raymond — English Grammar in Use","8"
"ING-02-03","Língua Inglesa","2","Itens gramaticais para compreensão","Gramática para compreensão","12","Orações relativas e construções participiais","Resolver referências em orações relativas e construções participiais.","1ª fase 2","Intermediário","1","T4",22,"2027-08-23","1ª","certo_errado;multipla_escolha;resposta_curta","ING-02-02","Swan, Michael — Practical English Usage","8"
"ING-02-04","Língua Inglesa","2","Itens gramaticais para compreensão","Gramática para compreensão","13","Condicionais, negação e inversão","Interpretar condicionais, negações complexas e inversões enfáticas.","1ª fase 2","Intermediário","1","T4",25,"2027-10-04","1ª","certo_errado;multipla_escolha;lacuna","ING-02-03","Quirk, Randolph et al. — A Comprehensive Grammar of the English Language","9"
"ING-02-05","Língua Inglesa","2","Itens gramaticais para compreensão","Gramática para compreensão","14","Voz passiva e nominalização","Reconstruir o agente e a ação em passivas e nominalizações.","1ª fase 2","Intermediário","2","T5",27,"2027-11-01","1ª","certo_errado;resposta_curta;multipla_escolha","ING-02-04","","8"
"ING-02-06","Língua Inglesa","2","Itens gramaticais para compreensão","Gramática para compreensão","15","Conectores e referência pronominal","Estabelecer relações lógicas entre trechos a partir de conectores e retomadas.","1ª fase 2","Intermediário","2","T5",28,"2027-11-15","1ª","certo_errado;associar;multipla_escolha","ING-02-05","","8"
"ING-02-07","Língua Inglesa","2","Itens gramaticais para compreensão","Checkpoint","16","Checkpoint M02: itens gramaticais para compreensão","Verificar o domínio dos itens gramaticais em itens C/E.","1ª fase 2","Avançado","2","T5",29,"2027-11-29","1ª","certo_errado;multipla_escolha;lacuna","ING-02-06","","10"
"ING-03-01","Língua Inglesa","3","Redação em inglês","Técnica de prova","17","Técnica: critérios, formato e gestão do tempo na redação em inglês","Planejar a gestão do tempo e os critérios de avaliação da redação em inglês.","técnica","Básico","2","T5",31,"2027-12-27","2ª","resposta_curta;ordenar","","","8"
"ING-03-02","Língua Inglesa","3","Redação em inglês","Estrutura","18","Estrutura do argumentative essay: tese, argumentos e dados","Estruturar um ensaio argumentativo com tese clara e argumentos fundamentados.","2ª fase 1","Intermediário","2","T5",32,"2028-01-10","2ª","discursiva;ordenar;resposta_curta","ING-03-01","Williams, Joseph M. — Style: Lessons in Clarity and Grace","9"
"ING-03-03","Língua Inglesa","3","Redação em inglês","Estrutura","19","Técnica: esboço (outline) rápido antes de redigir","Produzir um outline em poucos minutos que ordene tese, argumentos e conclusão.","técnica","Intermediário","2","T6",35,"2028-02-21","2ª","ordenar;resposta_curta","ING-03-02","","8"
"ING-03-04","Língua Inglesa","3","Redação em inglês","Estrutura","20","Introduções e conclusões eficazes","Redigir introdução e conclusão que apresentem e retomem a tese.","2ª fase 1","Intermediário","2","T6",37,"2028-03-20","2ª","discursiva;resposta_curta","ING-03-03","Zinsser, William — On Writing Well","9"
"ING-03-05","Língua Inglesa","3","Redação em inglês","Estrutura","21","Parágrafos: unidade, progressão e transições","Construir parágrafos com frase-tópico e transições coerentes.","2ª fase 1","Intermediário","2","T7",40,"2028-05-01","2ª","ordenar;discursiva;certo_errado","ING-03-04","Strunk Jr., William; White, E. B. — The Elements of Style","9"
"ING-03-06","Língua Inglesa","3","Redação em inglês","Linguagem","22","Registro formal e propriedade no emprego da linguagem","Adequar o registro ao gênero argumentativo formal, evitando coloquialismos.","2ª fase 1","Intermediário","2","T7",42,"2028-05-29","2ª","certo_errado;resposta_curta;lacuna","ING-03-05","The Economist — The Economist Style Guide","8"
"ING-03-07","Língua Inglesa","3","Redação em inglês","Linguagem","23","Gramática avançada na escrita: paralelismo, subordinação e erros típicos de brasileiros","Corrigir erros gramaticais típicos de falantes de português na escrita em inglês.","2ª fase 1","Avançado","2","T8",46,"2028-07-24","2ª","certo_errado;lacuna;resposta_curta","ING-03-06","Swan, Michael — Practical English Usage","9"
"ING-03-08","Língua Inglesa","3","Redação em inglês","Linguagem","24","Precisão lexical, concisão e hedging","Reescrever períodos com maior precisão lexical, concisão e atenuação adequada.","2ª fase 1","Avançado","2","T8",48,"2028-08-21","2ª","resposta_curta;discursiva","ING-03-07","Pinker, Steven — The Sense of Style","9"
"ING-03-09","Língua Inglesa","3","Redação em inglês","Técnica de prova","25","Técnica: revisão e autocorreção sob tempo","Revisar a redação em poucos minutos priorizando os erros mais custosos.","técnica","Avançado","3","T9",54,"2028-11-13","2ª","resposta_curta;discursiva","ING-03-08","","8"
"ING-03-10","Língua Inglesa","3","Redação em inglês","Checkpoint","26","Checkpoint M03: redação cronometrada em inglês","Redigir um ensaio argumentativo completo sob limite de tempo e autoavaliá-lo.","2ª fase 1","Avançado","3","T9",54,"2028-11-13","2ª","discursiva","ING-03-09","","10"
"ING-04-01","Língua Inglesa","4","Versão português-inglês","Técnica de prova","27","Técnica: anatomia da versão — fidelidade, registro e correção","Aplicar os critérios de avaliação da versão para planejar uma tradução PT-EN.","técnica","Básico","2","T6",39,"2028-04-17","2ª","resposta_curta;traducao","","","8"
"ING-04-02","Língua Inglesa","4","Versão português-inglês","Estratégias","28","Estratégias de tradução: transposição, modulação e equivalência","Selecionar estratégias de tradução adequadas a diferentes estruturas do português.","2ª fase 2","Intermediário","2","T7",42,"2028-05-29","2ª","traducao;resposta_curta","ING-04-01","Newmark, Peter — A Textbook of Translation","9"
"ING-04-03","Língua Inglesa","4","Versão português-inglês","Estratégias","29","Estrutura frasal português-inglês: ordem, sujeito, voz e nominalização","Reestruturar períodos do português para a sintaxe natural do inglês.","2ª fase 2","Intermediário","2","T7",45,"2028-07-10","2ª","traducao;resposta_curta","ING-04-02","Baker, Mona — In Other Words: A Coursebook on Translation","9"
"ING-04-04","Língua Inglesa","4","Versão português-inglês","Léxico e morfossintaxe","30","Falsos cognatos e escolhas lexicais na versão","Escolher o equivalente lexical correto evitando falsos cognatos.","2ª fase 2","Intermediário","2","T8",49,"2028-09-04","2ª","traducao;associar;lacuna","ING-04-03","","8"
"ING-04-05","Língua Inglesa","4","Versão português-inglês","Léxico e morfossintaxe","31","Tempos verbais e modalidade na versão: futuro do pretérito, subjuntivo e infinitivo","Verter tempos e modos do português para equivalentes naturais em inglês.","2ª fase 2","Intermediário","2","T8",52,"2028-10-16","2ª","traducao;lacuna;resposta_curta","ING-04-04","","9"
"ING-04-06","Língua Inglesa","4","Versão português-inglês","Registro","32","Registro e tom na versão: textos jornalísticos, diplomáticos e jurídicos","Manter o registro e o tom do texto-fonte na versão para o inglês.","2ª fase 2","Avançado","3","T9",54,"2028-11-13","2ª","traducao;resposta_curta","ING-04-05","","9"
"ING-04-07","Língua Inglesa","4","Versão português-inglês","Registro","33","Pontuação, números, siglas, títulos e nomes próprios na versão","Adaptar pontuação, numerais, siglas e nomes próprios às convenções do inglês.","2ª fase 2","Intermediário","3","T9",55,"2028-11-27","2ª","traducao;certo_errado;lacuna","ING-04-06","The Economist — The Economist Style Guide","7"
"ING-04-08","Língua Inglesa","4","Versão português-inglês","Registro","34","Versão de textos ensaísticos e literários","Verter um texto ensaístico ou literário preservando fidelidade e qualidade estilística.","2ª fase 2","Avançado","3","T10",57,"2028-12-25","2ª","traducao;discursiva","ING-04-07","","10"
"ING-04-09","Língua Inglesa","4","Versão português-inglês","Checkpoint","35","Checkpoint M04: versão cronometrada","Realizar uma versão sob limite de tempo e autoavaliá-la pelos critérios de correção.","2ª fase 2","Avançado","3","T10",57,"2028-12-25","2ª","traducao","ING-04-08","","10"
"ING-05-01","Língua Inglesa","5","Resumo e simulados finais","Técnicas complementares","36","Técnica: resumo e paráfrase em inglês","Resumir e parafrasear um texto em inglês de forma fiel e concisa.","técnica","Avançado","3","T10",58,"2029-01-08","2ª","resumo;discursiva","","","9"
"ING-05-02","Língua Inglesa","5","Resumo e simulados finais","Simulados","37","Simulado final da 2ª fase: redação e versão em inglês","Executar um simulado completo da 2ª fase e diagnosticar pontos fracos.","2ª fase 1; 2ª fase 2","Avançado","3","T10",59,"2029-01-22","2ª","discursiva;traducao","ING-03-10","","10"
"ING-05-03","Língua Inglesa","5","Resumo e simulados finais","Simulados","38","Simulado final da 1ª fase: itens C/E de Língua Inglesa","Executar um simulado de itens C/E de compreensão e gramática e revisar os erros.","1ª fase 1; 1ª fase 2","Avançado","3","T11",62,"2029-03-05","1ª","certo_errado;multipla_escolha","ING-02-07","","10"
"HBR-01-01","História do Brasil","1","Período Colonial","Configuração territorial da América Portuguesa","1","Capitanias hereditárias e Governo-Geral: a ocupação do litoral","Descrever as formas iniciais de ocupação e administração do território da América Portuguesa.","1.1","Básico","1","T1",2,"2026-11-16","1ª e 2ª","ordenar;certo_errado;flashcard","","","6"
"HBR-01-02","História do Brasil","1","Período Colonial","Configuração territorial da América Portuguesa","2","Tordesilhas, União Ibérica e a expansão territorial","Explicar como bandeirismo, pecuária e mineração ultrapassaram a linha de Tordesilhas.","1.1","Básico","1","T1",2,"2026-11-16","1ª e 2ª","certo_errado;associar;ordenar","HBR-01-01","","6"
"HBR-01-03","História do Brasil","1","Período Colonial","Configuração territorial da América Portuguesa","3","Sacramento e os tratados de limites: de Madri a Santo Ildefonso","Relacionar a disputa luso-espanhola no Prata e o princípio do uti possidetis aos tratados que redefiniram as fronteiras coloniais.","1.1","Intermediário","1","T1",2,"2026-11-16","1ª e 2ª","ordenar;certo_errado;associar","HBR-01-02","Rubens Ricupero, A Diplomacia na Construção do Brasil","7"
"HBR-01-04","História do Brasil","1","Período Colonial","Dimensões econômicas e sociais","4","Açúcar e economia de plantation","Caracterizar a economia açucareira e seu papel na estruturação da colônia.","1.2","Básico","1","T1",4,"2026-12-14","1ª e 2ª","certo_errado;lacuna;flashcard","HBR-01-03","Caio Prado Júnior, Formação do Brasil Contemporâneo","6"
"HBR-01-05","História do Brasil","1","Período Colonial","Dimensões econômicas e sociais","5","Sociedade escravista e tráfico atlântico","Analisar a escravidão africana e o tráfico como eixo da sociedade colonial e das relações com o Atlântico Sul.","1.2","Intermediário","1","T1",4,"2026-12-14","1ª e 2ª","certo_errado;associar;resposta_curta","HBR-01-04","Luiz Felipe de Alencastro, O Trato dos Viventes","7"
"HBR-01-06","História do Brasil","1","Período Colonial","Dimensões econômicas e sociais","6","Pecuária, sertão e povoamento do interior","Explicar o papel da pecuária e do sertão no povoamento e na integração econômica da colônia.","1.2","Básico","1","T1",4,"2026-12-14","1ª e 2ª","certo_errado;associar;flashcard","HBR-01-05","","6"
"HBR-01-07","História do Brasil","1","Período Colonial","Dimensões econômicas e sociais","7","Mineração e a sociedade das Minas","Descrever os efeitos da mineração sobre a economia, a sociedade e a administração colonial.","1.2","Intermediário","1","T1",4,"2026-12-14","1ª e 2ª","certo_errado;ordenar;associar","HBR-01-06","","7"
"HBR-01-08","História do Brasil","1","Período Colonial","Dimensões econômicas e sociais","8","Reformas pombalinas e crise do Antigo Sistema Colonial","Avaliar as reformas pombalinas e as interpretações sobre a crise do sistema colonial.","1.2","Avançado","1","T1",6,"2027-01-11","1ª e 2ª","certo_errado;resposta_curta;resumo","HBR-01-07","Fernando A. Novais, Portugal e Brasil na Crise do Antigo Sistema Colonial","9"
"HBR-01-09","História do Brasil","1","Período Colonial","Checkpoint","9","Checkpoint: Período Colonial","Verificar o domínio dos tópicos do módulo por meio de revisão integrada.","técnica","Intermediário","1","T1",6,"2027-01-11","1ª e 2ª","certo_errado;ordenar;associar;flashcard","HBR-01-08","","10"
"HBR-02-10","História do Brasil","2","O Processo de Independência","Antecedentes da independência","10","Movimentos emancipacionistas: Inconfidência, Conjuração Baiana e 1817","Comparar os movimentos emancipacionistas quanto a causas, ideias e composição social.","2.1","Básico","1","T2",7,"2027-01-25","1ª e 2ª","associar;certo_errado;ordenar","HBR-01-09","","6"
"HBR-02-11","História do Brasil","2","O Processo de Independência","Antecedentes da independência","11","A situação política e econômica europeia: Revolução Industrial e era napoleônica","Relacionar as transformações políticas e econômicas europeias à crise do Antigo Sistema Colonial.","2.2","Básico","1","T2",7,"2027-01-25","1ª e 2ª","certo_errado;lacuna;flashcard","HBR-02-10","","6"
"HBR-02-12","História do Brasil","2","O Processo de Independência","O Brasil sede da monarquia","12","A Corte no Brasil: abertura dos portos e tratados de 1810","Explicar as mudanças políticas e econômicas decorrentes da transferência da Corte e dos tratados com a Grã-Bretanha.","2.3","Intermediário","1","T2",8,"2027-02-08","1ª e 2ª","certo_errado;ordenar;associar","HBR-02-11","Oliveira Lima, Dom João VI no Brasil","7"
"HBR-02-13","História do Brasil","2","O Processo de Independência","Constitucionalismo e ruptura","13","Revolução do Porto e o constitucionalismo português","Analisar a influência do constitucionalismo português sobre a ruptura entre Brasil e Portugal.","2.4","Intermediário","1","T2",9,"2027-02-22","1ª e 2ª","certo_errado;lacuna;resposta_curta","HBR-02-12","","7"
"HBR-02-14","História do Brasil","2","O Processo de Independência","Constitucionalismo e ruptura","14","Do Fico ao 7 de Setembro: o processo de ruptura","Ordenar os eventos que levaram à independência e identificar os agentes políticos envolvidos.","2.4","Intermediário","1","T2",9,"2027-02-22","1ª e 2ª","ordenar;certo_errado;associar","HBR-02-13","Boris Fausto, História do Brasil","7"
"HBR-02-15","História do Brasil","2","O Processo de Independência","Constitucionalismo e ruptura","15","Ideias liberais e sua repercussão no Brasil","Avaliar como as ideias liberais foram apropriadas pelas elites e seus limites diante da escravidão e da monarquia.","2.5","Avançado","1","T2",10,"2027-03-08","1ª e 2ª","certo_errado;resposta_curta;resumo","HBR-02-14","José Murilo de Carvalho, A Construção da Ordem","9"
"HBR-02-16","História do Brasil","2","O Processo de Independência","Checkpoint","16","Checkpoint: O Processo de Independência","Verificar o domínio dos tópicos do módulo por meio de revisão integrada.","técnica","Intermediário","1","T2",10,"2027-03-08","1ª e 2ª","certo_errado;ordenar;associar;flashcard","HBR-02-15","","10"
"HBR-03-17","História do Brasil","3","O Primeiro Reinado (1822-1831)","Constituição e quadro político","17","A Constituição de 1824: Poder Moderador e centralização","Caracterizar a Constituição de 1824 e o papel do Poder Moderador no desenho institucional do Império.","3.1","Básico","1","T2",11,"2027-03-22","1ª e 2ª","certo_errado;lacuna;flashcard","HBR-02-16","","6"
"HBR-03-18","História do Brasil","3","O Primeiro Reinado (1822-1831)","Constituição e quadro político","18","Confederação do Equador, Cisplatina e a crise do Primeiro Reinado","Relacionar as tensões políticas internas e a Guerra da Cisplatina à abdicação de D. Pedro I.","3.2;3.3","Intermediário","1","T2",11,"2027-03-22","1ª e 2ª","certo_errado;ordenar;associar","HBR-03-17","Boris Fausto, História do Brasil","7"
"HBR-03-19","História do Brasil","3","O Primeiro Reinado (1822-1831)","Política exterior do Primeiro Reinado","19","Reconhecimento da independência e primeiros tratados","Descrever as negociações para o reconhecimento internacional do Brasil independente.","3.3","Intermediário","1","T2",12,"2027-04-05","1ª e 2ª","certo_errado;ordenar;resposta_curta","HBR-03-18","Amado Luiz Cervo e Clodoaldo Bueno, História da Política Exterior do Brasil","7"
"HBR-03-20","História do Brasil","3","O Primeiro Reinado (1822-1831)","Política exterior do Primeiro Reinado","20","Tratados desiguais e tráfico: Brasil e Grã-Bretanha","Analisar como os acordos com a Grã-Bretanha condicionaram a política comercial e a questão do tráfico.","3.3","Avançado","1","T2",13,"2027-04-19","1ª e 2ª","certo_errado;resposta_curta;resumo","HBR-03-19","Amado Luiz Cervo e Clodoaldo Bueno, História da Política Exterior do Brasil","9"
"HBR-03-21","História do Brasil","3","O Primeiro Reinado (1822-1831)","Checkpoint","21","Checkpoint: O Primeiro Reinado (1822-1831)","Verificar o domínio dos tópicos do módulo por meio de revisão integrada.","técnica","Intermediário","1","T2",13,"2027-04-19","1ª e 2ª","certo_errado;ordenar;associar;flashcard","HBR-03-20","","10"
"HBR-04-22","História do Brasil","4","A Regência (1831-1840)","Reformas e descentralização","22","Reformas regenciais e o Ato Adicional de 1834","Explicar as reformas institucionais do período regencial e o debate entre centralização e descentralização.","4.1;4.2","Intermediário","1","T3",14,"2027-05-03","1ª e 2ª","certo_errado;ordenar;lacuna","HBR-03-21","","7"
"HBR-04-23","História do Brasil","4","A Regência (1831-1840)","Reformas e descentralização","23","Revoltas provinciais: Cabanagem, Farroupilha, Sabinada e Balaiada","Comparar as revoltas provinciais quanto a causas, protagonistas e desfechos.","4.2","Intermediário","1","T3",14,"2027-05-03","1ª e 2ª","associar;certo_errado;ordenar","HBR-04-22","","7"
"HBR-04-24","História do Brasil","4","A Regência (1831-1840)","Reformas e descentralização","24","Regresso conservador e Maioridade","Relacionar o Regresso conservador à reação centralizadora e à antecipação da Maioridade.","4.1","Intermediário","1","T3",15,"2027-05-17","1ª e 2ª","certo_errado;ordenar;resposta_curta","HBR-04-23","","7"
"HBR-04-25","História do Brasil","4","A Regência (1831-1840)","Dimensão externa","25","A dimensão externa da Regência: Prata, tráfico e Grã-Bretanha","Analisar a política externa regencial no Prata e a questão do tráfico negreiro.","4.3","Avançado","1","T3",15,"2027-05-17","1ª e 2ª","certo_errado;resposta_curta;resumo","HBR-04-24","Amado Luiz Cervo e Clodoaldo Bueno, História da Política Exterior do Brasil","9"
"HBR-04-26","História do Brasil","4","A Regência (1831-1840)","Checkpoint","26","Checkpoint: A Regência (1831-1840)","Verificar o domínio dos tópicos do módulo por meio de revisão integrada.","técnica","Intermediário","1","T3",16,"2027-05-31","1ª e 2ª","certo_errado;ordenar;associar;flashcard","HBR-04-25","","10"
"HBR-05-27","História do Brasil","5","O Segundo Reinado (1840-1889)","Estado, partidos e unidade territorial","27","Estado centralizado, partidos e eleições","Descrever o funcionamento do Estado imperial, dos partidos e do sistema eleitoral.","5.1","Intermediário","1","T3",16,"2027-05-31","1ª e 2ª","certo_errado;associar;lacuna","HBR-04-26","José Murilo de Carvalho, A Construção da Ordem","7"
"HBR-05-28","História do Brasil","5","O Segundo Reinado (1840-1889)","Estado, partidos e unidade territorial","28","A questão da unidade territorial: revoltas liberais de 1842 e Praieira","Explicar como o Estado imperial consolidou a unidade territorial diante das revoltas do período.","5.1","Intermediário","1","T3",16,"2027-05-31","1ª e 2ª","certo_errado;ordenar;associar","HBR-05-27","","7"
"HBR-05-29","História do Brasil","5","O Segundo Reinado (1840-1889)","Política externa do Império","29","Questões com o Reino Unido: tráfico, Bill Aberdeen e Questão Christie","Analisar os conflitos com a Grã-Bretanha em torno do tráfico e da soberania.","5.2","Intermediário","1","T3",18,"2027-06-28","1ª e 2ª","certo_errado;ordenar;resposta_curta","HBR-05-28","Amado Luiz Cervo e Clodoaldo Bueno, História da Política Exterior do Brasil","7"
"HBR-05-30","História do Brasil","5","O Segundo Reinado (1840-1889)","Política externa do Império","30","O Prata na política imperial: Oribe, Rosas e Caseros","Explicar os objetivos da diplomacia e das intervenções imperiais na Bacia do Prata.","5.2","Intermediário","1","T3",18,"2027-06-28","1ª e 2ª","certo_errado;ordenar;associar","HBR-05-29","Luiz Alberto Moniz Bandeira, O Expansionismo Brasileiro e a Formação dos Estados na Bacia do Prata","7"
"HBR-05-31","História do Brasil","5","O Segundo Reinado (1840-1889)","Política externa do Império","31","A Guerra do Paraguai: causas, desenvolvimento e consequências","Analisar as causas e as consequências políticas da Guerra do Paraguai para o Império e para a região.","5.2","Intermediário","1","T3",18,"2027-06-28","1ª e 2ª","certo_errado;ordenar;resposta_curta","HBR-05-30","Francisco Doratioto, Maldita Guerra","7"
"HBR-05-32","História do Brasil","5","O Segundo Reinado (1840-1889)","Política externa do Império","32","Europa e Estados Unidos: navegação do Amazonas e relações econômicas","Avaliar as relações do Império com as potências europeias e com os Estados Unidos, incluindo a navegação do Amazonas.","5.2","Avançado","1","T3",18,"2027-06-28","1ª e 2ª","certo_errado;resposta_curta;resumo","HBR-05-31","Amado Luiz Cervo e Clodoaldo Bueno, História da Política Exterior do Brasil","9"
"HBR-05-33","História do Brasil","5","O Segundo Reinado (1840-1889)","Escravidão e crise da Monarquia","33","A questão da escravidão: do fim do tráfico à abolição","Ordenar as leis e pressões que conduziram do fim do tráfico à abolição da escravidão.","5.3","Intermediário","1","T4",20,"2027-07-26","1ª e 2ª","ordenar;certo_errado;associar","HBR-05-32","","7"
"HBR-05-34","História do Brasil","5","O Segundo Reinado (1840-1889)","Escravidão e crise da Monarquia","34","Crise do Estado monárquico: Questão Religiosa, Questão Militar e republicanismo","Relacionar os fatores políticos, militares e religiosos que erodiram a base de sustentação da Monarquia.","5.4","Intermediário","1","T4",20,"2027-07-26","1ª e 2ª","certo_errado;associar;resposta_curta","HBR-05-33","Emília Viotti da Costa, Da Monarquia à República: Momentos Decisivos","7"
"HBR-05-35","História do Brasil","5","O Segundo Reinado (1840-1889)","Sociedade, cultura e economia","35","Sociedade e cultura: população, estrutura social, academias, ciência e literatura","Descrever a estrutura social e a vida cultural, científica e literária do Império.","5.5","Básico","1","T4",21,"2027-08-09","1ª e 2ª","certo_errado;associar;flashcard","HBR-05-34","Lilia Moritz Schwarcz e Heloisa Starling, Brasil: uma Biografia","6"
"HBR-05-36","História do Brasil","5","O Segundo Reinado (1840-1889)","Sociedade, cultura e economia","36","Agroexportação, café e trabalho assalariado","Explicar a expansão cafeeira e a transição para o trabalho assalariado.","5.6","Intermediário","1","T4",22,"2027-08-23","1ª e 2ª","certo_errado;lacuna;resposta_curta","HBR-05-35","Celso Furtado, Formação Econômica do Brasil","7"
"HBR-05-37","História do Brasil","5","O Segundo Reinado (1840-1889)","Sociedade, cultura e economia","37","Políticas econômico-financeiras e política alfandegária","Avaliar as políticas econômico-financeiras e alfandegárias do Império e suas consequências.","5.6","Avançado","1","T4",22,"2027-08-23","1ª e 2ª","certo_errado;resposta_curta;resumo","HBR-05-36","Celso Furtado, Formação Econômica do Brasil","9"
"HBR-05-38","História do Brasil","5","O Segundo Reinado (1840-1889)","Checkpoint","38","Checkpoint: O Segundo Reinado (1840-1889)","Verificar o domínio dos tópicos do módulo por meio de revisão integrada.","técnica","Avançado","1","T4",23,"2027-09-06","1ª e 2ª","certo_errado;ordenar;associar;flashcard","HBR-05-37","","10"
"HBR-06-39","História do Brasil","6","A Primeira República (1889-1930)","Instituições e regime oligárquico","39","A proclamação da República e os governos militares","Descrever a proclamação da República e os conflitos dos governos militares.","6.1","Básico","1","T4",23,"2027-09-06","1ª e 2ª","ordenar;certo_errado;flashcard","HBR-05-38","Emília Viotti da Costa, Da Monarquia à República: Momentos Decisivos","6"
"HBR-06-40","História do Brasil","6","A Primeira República (1889-1930)","Instituições e regime oligárquico","40","A Constituição de 1891","Caracterizar o federalismo e as demais bases institucionais da Constituição de 1891.","6.2","Básico","1","T4",24,"2027-09-20","1ª e 2ª","certo_errado;lacuna;associar","HBR-06-39","","6"
"HBR-06-41","História do Brasil","6","A Primeira República (1889-1930)","Instituições e regime oligárquico","41","Política dos estados, coronelismo e hegemonia de São Paulo e Minas","Explicar como coronelismo, sistema eleitoral e política dos estados sustentaram o regime oligárquico.","6.3","Intermediário","1","T4",25,"2027-10-04","1ª e 2ª","certo_errado;associar;resposta_curta","HBR-06-40","Victor Nunes Leal, Coronelismo, Enxada e Voto","7"
"HBR-06-42","História do Brasil","6","A Primeira República (1889-1930)","Economia e sociedade","42","A economia agroexportadora: café e borracha","Analisar a economia agroexportadora e sua relação com o poder político.","6.4","Intermediário","1","T4",26,"2027-10-18","1ª e 2ª","certo_errado;lacuna;associar","HBR-06-41","Celso Furtado, Formação Econômica do Brasil","7"
"HBR-06-43","História do Brasil","6","A Primeira República (1889-1930)","Política externa da Primeira República","43","Rio Branco e a consolidação das fronteiras","Descrever a atuação de Rio Branco nas questões de fronteira e arbitragens.","6.5","Intermediário","1","T4",26,"2027-10-18","1ª e 2ª","certo_errado;ordenar;associar","HBR-06-42","Rubens Ricupero, Rio Branco: o Brasil no Mundo","7"
"HBR-06-44","História do Brasil","6","A Primeira República (1889-1930)","Política externa da Primeira República","44","Rio Branco e o eixo com os Estados Unidos","Explicar o realinhamento diplomático do Brasil em direção aos Estados Unidos e ao pan-americanismo.","6.5","Intermediário","2","T5",27,"2027-11-01","1ª e 2ª","certo_errado;resposta_curta;flashcard","HBR-06-43","Rubens Ricupero, Rio Branco: o Brasil no Mundo","7"
"HBR-06-45","História do Brasil","6","A Primeira República (1889-1930)","Política externa da Primeira República","45","Multilateralismo: Haia (1907), Grande Guerra e Liga das Nações","Analisar a atuação brasileira na II Conferência da Haia, na Grande Guerra e na Liga das Nações.","6.5","Avançado","2","T5",27,"2027-11-01","1ª e 2ª","certo_errado;resposta_curta;resumo","HBR-06-44","Amado Luiz Cervo e Clodoaldo Bueno, História da Política Exterior do Brasil","9"
"HBR-06-46","História do Brasil","6","A Primeira República (1889-1930)","Economia e sociedade","46","Sociedade e cultura: o Modernismo","Caracterizar o Modernismo e seu contexto social e cultural.","6.6","Básico","2","T5",27,"2027-11-01","1ª e 2ª","certo_errado;associar;flashcard","HBR-06-45","","6"
"HBR-06-47","História do Brasil","6","A Primeira República (1889-1930)","Crise do regime","47","Anos 1920 e Revolução de 1930: tenentismo, revoltas e fim da República Velha","Relacionar a crise dos anos 1920 e o tenentismo à Revolução de 1930.","6.7;6.8","Intermediário","2","T5",28,"2027-11-15","1ª e 2ª","ordenar;certo_errado;resposta_curta","HBR-06-46","Boris Fausto, A Revolução de 1930: Historiografia e História","7"
"HBR-06-48","História do Brasil","6","A Primeira República (1889-1930)","Checkpoint","48","Checkpoint: A Primeira República (1889-1930)","Verificar o domínio dos tópicos do módulo por meio de revisão integrada.","técnica","Avançado","2","T5",29,"2027-11-29","1ª e 2ª","certo_errado;ordenar;associar;flashcard","HBR-06-47","","10"
"HBR-07-49","História do Brasil","7","A Era Vargas (1930-1945)","Política e economia","49","Processo político e quadro econômico-financeiro (1930-1937)","Descrever o processo político e o quadro econômico-financeiro do período.","7.1","Intermediário","2","T5",29,"2027-11-29","1ª e 2ª","certo_errado;ordenar;associar","HBR-06-48","Boris Fausto, História do Brasil","7"
"HBR-07-50","História do Brasil","7","A Era Vargas (1930-1945)","Política e economia","50","Constituições de 1934 e 1937: do Governo Constitucional ao Estado Novo","Comparar as Constituições de 1934 e 1937 e o contexto de cada uma.","7.2;7.3","Intermediário","2","T5",29,"2027-11-29","1ª e 2ª","certo_errado;associar;lacuna","HBR-07-49","","7"
"HBR-07-51","História do Brasil","7","A Era Vargas (1930-1945)","Política e economia","51","Industrialização e legislação trabalhista","Relacionar a industrialização à legislação trabalhista do período.","7.5","Intermediário","2","T5",29,"2027-11-29","1ª e 2ª","certo_errado;lacuna;associar","HBR-07-50","","7"
"HBR-07-52","História do Brasil","7","A Era Vargas (1930-1945)","Sociedade e política externa","52","Sociedade e cultura na Era Vargas","Caracterizar as transformações sociais e culturais do período.","7.6","Básico","2","T5",31,"2027-12-27","1ª e 2ª","certo_errado;associar;flashcard","HBR-07-51","","6"
"HBR-07-53","História do Brasil","7","A Era Vargas (1930-1945)","Sociedade e política externa","53","Contexto internacional e o Brasil na Segunda Guerra Mundial","Analisar a política externa brasileira nos anos 1930 e 1940 e a participação na Segunda Guerra Mundial.","7.4","Avançado","2","T5",31,"2027-12-27","1ª e 2ª","certo_errado;resposta_curta;resumo","HBR-07-52","Gerson Moura, Autonomia na Dependência","9"
"HBR-07-54","História do Brasil","7","A Era Vargas (1930-1945)","Checkpoint","54","Checkpoint: A Era Vargas (1930-1945)","Verificar o domínio dos tópicos do módulo por meio de revisão integrada.","técnica","Avançado","2","T5",32,"2028-01-10","1ª e 2ª","certo_errado;ordenar;associar;flashcard;resposta_curta","HBR-07-53","","10"
"HBR-08-55","História do Brasil","8","A República Liberal (1945-1964)","Política, economia e sociedade","55","A nova ordem política: Constituição de 1946, partidos e eleições","Descrever o sistema partidário, as eleições e a Constituição de 1946.","8.1","Intermediário","2","T6",33,"2028-01-24","1ª e 2ª","certo_errado;associar;lacuna","HBR-07-54","Thomas Skidmore, Brasil: de Getúlio a Castelo","7"
"HBR-08-56","História do Brasil","8","A República Liberal (1945-1964)","Política, economia e sociedade","56","Industrialização e urbanização","Explicar o processo de industrialização e urbanização do período.","8.2","Intermediário","2","T6",33,"2028-01-24","1ª e 2ª","certo_errado;lacuna;associar","HBR-08-55","Celso Furtado, Formação Econômica do Brasil","7"
"HBR-08-57","História do Brasil","8","A República Liberal (1945-1964)","Política, economia e sociedade","57","Sociedade e cultura na República Liberal","Caracterizar as mudanças sociais e culturais do período.","8.4","Básico","2","T6",33,"2028-01-24","1ª e 2ª","certo_errado;associar;flashcard","HBR-08-56","","6"
"HBR-08-58","História do Brasil","8","A República Liberal (1945-1964)","Política externa","58","Relações com os EUA, Guerra Fria e Operação Pan-Americana","Analisar as relações com os Estados Unidos no contexto da Guerra Fria e a Operação Pan-Americana.","8.3","Intermediário","2","T6",35,"2028-02-21","1ª e 2ª","certo_errado;ordenar;resposta_curta","HBR-08-57","Amado Luiz Cervo e Clodoaldo Bueno, História da Política Exterior do Brasil","7"
"HBR-08-59","História do Brasil","8","A República Liberal (1945-1964)","Política externa","59","Política externa independente, ONU, Prata e Cuba na OEA","Avaliar a política externa independente e a posição brasileira diante de Cuba na OEA, do Prata e da ONU.","8.3","Avançado","2","T6",35,"2028-02-21","1ª e 2ª","certo_errado;resposta_curta;resumo","HBR-08-58","Rubens Ricupero, A Diplomacia na Construção do Brasil","9"
"HBR-08-60","História do Brasil","8","A República Liberal (1945-1964)","Checkpoint","60","Checkpoint: A República Liberal (1945-1964)","Verificar o domínio dos tópicos do módulo por meio de revisão integrada.","técnica","Avançado","2","T6",37,"2028-03-20","1ª e 2ª","certo_errado;ordenar;associar;flashcard;resposta_curta","HBR-08-59","","10"
"HBR-09-61","História do Brasil","9","O Regime Militar (1964-1985)","Instituições e economia","61","A Constituição de 1967 e as modificações de 1969","Descrever as bases institucionais do regime e as modificações de 1969.","9.1","Intermediário","2","T6",37,"2028-03-20","1ª e 2ª","certo_errado;lacuna;associar","HBR-08-60","Daniel Aarão Reis, Ditadura e Democracia no Brasil","7"
"HBR-09-62","História do Brasil","9","O Regime Militar (1964-1985)","Instituições e economia","62","A economia do regime militar","Analisar as fases da economia durante o regime militar.","9.2","Intermediário","2","T6",37,"2028-03-20","1ª e 2ª","certo_errado;lacuna;resposta_curta","HBR-09-61","Celso Furtado, Formação Econômica do Brasil","7"
"HBR-09-63","História do Brasil","9","O Regime Militar (1964-1985)","Política externa","63","Relações com os EUA e o pragmatismo responsável","Comparar a política externa em relação aos EUA e o pragmatismo responsável.","9.3","Intermediário","2","T6",38,"2028-04-03","1ª e 2ª","certo_errado;associar;resposta_curta","HBR-09-62","Amado Luiz Cervo e Clodoaldo Bueno, História da Política Exterior do Brasil","7"
"HBR-09-64","História do Brasil","9","O Regime Militar (1964-1985)","Política externa","64","América Latina, África e ONU na política externa militar","Avaliar as relações com a América Latina, a África e a ONU no período.","9.3","Avançado","2","T6",39,"2028-04-17","1ª e 2ª","certo_errado;resposta_curta;resumo","HBR-09-63","Rubens Ricupero, A Diplomacia na Construção do Brasil","9"
"HBR-09-65","História do Brasil","9","O Regime Militar (1964-1985)","Sociedade e transição","65","Sociedade e cultura sob o regime militar","Caracterizar as transformações sociais e culturais do período.","9.4","Básico","2","T7",40,"2028-05-01","1ª e 2ª","certo_errado;associar;flashcard","HBR-09-64","","6"
"HBR-09-66","História do Brasil","9","O Regime Militar (1964-1985)","Sociedade e transição","66","O processo de transição política","Ordenar as etapas da transição política até 1985.","9.5","Intermediário","2","T7",40,"2028-05-01","1ª e 2ª","ordenar;certo_errado;resposta_curta","HBR-09-65","Thomas Skidmore, Brasil: de Castelo a Tancredo","7"
"HBR-09-67","História do Brasil","9","O Regime Militar (1964-1985)","Checkpoint","67","Checkpoint: O Regime Militar (1964-1985)","Verificar o domínio dos tópicos do módulo por meio de revisão integrada.","técnica","Avançado","2","T7",42,"2028-05-29","1ª e 2ª","certo_errado;ordenar;associar;flashcard;resposta_curta","HBR-09-66","","10"
"HBR-10-68","História do Brasil","10","O Processo Democrático a partir de 1985","Instituições e economia","68","A Constituição de 1988","Descrever as principais características da Constituição de 1988.","10.1","Intermediário","2","T7",42,"2028-05-29","1ª e 2ª","certo_errado;lacuna;associar","HBR-09-67","José Murilo de Carvalho, Cidadania no Brasil: o Longo Caminho","7"
"HBR-10-69","História do Brasil","10","O Processo Democrático a partir de 1985","Instituições e economia","69","Partidos políticos e eleições","Explicar a evolução do sistema partidário e eleitoral a partir de 1985.","10.2","Intermediário","2","T7",43,"2028-06-12","1ª e 2ª","certo_errado;associar;lacuna","HBR-10-68","","7"
"HBR-10-70","História do Brasil","10","O Processo Democrático a partir de 1985","Instituições e economia","70","Transformações econômicas e impactos da globalização","Relacionar as transformações econômicas aos impactos da globalização sobre o Brasil.","10.3;10.4","Intermediário","2","T7",43,"2028-06-12","1ª e 2ª","certo_errado;associar;resposta_curta","HBR-10-69","","7"
"HBR-10-71","História do Brasil","10","O Processo Democrático a partir de 1985","Sociedade e política externa","71","Mudanças sociais e manifestações culturais","Caracterizar as mudanças sociais e as manifestações culturais do período.","10.5;10.6","Básico","2","T7",44,"2028-06-26","1ª e 2ª","certo_errado;associar;flashcard","HBR-10-70","","6"
"HBR-10-72","História do Brasil","10","O Processo Democrático a partir de 1985","Sociedade e política externa","72","Evolução da política externa: da redemocratização aos anos 1990","Descrever a evolução da política externa na redemocratização e nos anos 1990.","10.7","Intermediário","2","T7",44,"2028-06-26","1ª e 2ª","certo_errado;ordenar;resposta_curta","HBR-10-71","Rubens Ricupero, A Diplomacia na Construção do Brasil","7"
"HBR-10-73","História do Brasil","10","O Processo Democrático a partir de 1985","Sociedade e política externa","73","MERCOSUL","Explicar a origem, as fases e os limites do MERCOSUL.","10.8","Intermediário","2","T8",46,"2028-07-24","1ª e 2ª","certo_errado;ordenar;associar","HBR-10-72","","7"
"HBR-10-74","História do Brasil","10","O Processo Democrático a partir de 1985","Sociedade e política externa","74","O Brasil na ONU","Analisar a atuação do Brasil na ONU.","10.9","Intermediário","2","T8",48,"2028-08-21","1ª e 2ª","certo_errado;associar;resposta_curta","HBR-10-73","","7"
"HBR-10-75","História do Brasil","10","O Processo Democrático a partir de 1985","Sociedade e política externa","75","Política externa dos anos 2000 aos governos recentes","Comparar as orientações da política externa dos anos 2000 aos governos recentes.","10.7","Avançado","2","T8",48,"2028-08-21","1ª e 2ª","certo_errado;resposta_curta;resumo","HBR-10-74","Rubens Ricupero, A Diplomacia na Construção do Brasil","9"
"HBR-10-76","História do Brasil","10","O Processo Democrático a partir de 1985","Checkpoint","76","Checkpoint: O Processo Democrático a partir de 1985","Verificar o domínio dos tópicos do módulo por meio de revisão integrada.","técnica","Avançado","2","T8",50,"2028-09-18","1ª e 2ª","certo_errado;ordenar;associar;flashcard;resposta_curta","HBR-10-75","","10"
"HBR-11-77","História do Brasil","11","Impactos Tecnológicos e Digitais no Século XXI","Tecnologia, política e sociedade","77","Tecnologias digitais e transformações políticas no Brasil","Descrever os impactos das tecnologias digitais na política brasileira do século XXI.","11","Intermediário","3","T9",53,"2028-10-30","1ª e 2ª","certo_errado;associar;resposta_curta","HBR-10-76","Manuel Castells, A Sociedade em Rede","7"
"HBR-11-78","História do Brasil","11","Impactos Tecnológicos e Digitais no Século XXI","Tecnologia, política e sociedade","78","Transformações sociais na era digital","Analisar as transformações sociais associadas às tecnologias digitais no Brasil.","11","Avançado","3","T9",54,"2028-11-13","1ª e 2ª","certo_errado;resposta_curta;resumo","HBR-11-77","Manuel Castells, A Sociedade em Rede","9"
"HBR-11-79","História do Brasil","11","Impactos Tecnológicos e Digitais no Século XXI","Checkpoint","79","Checkpoint: Impactos Tecnológicos e Digitais no Século XXI","Verificar o domínio dos tópicos do módulo por meio de revisão integrada.","técnica","Avançado","3","T9",54,"2028-11-13","1ª e 2ª","certo_errado;ordenar;associar;flashcard;resposta_curta","HBR-11-78","","10"
"HBR-12-80","História do Brasil","12","Treino Discursivo e Revisão Final","Método","80","Anatomia da questão discursiva e gestão do tempo","Planejar a resposta discursiva a partir do comando, da delimitação do tema e da gestão das 5 horas.","técnica","Básico","2","T5",32,"2028-01-10","2ª","resumo;resposta_curta;ordenar","HBR-05-38","","8"
"HBR-12-81","História do Brasil","12","Treino Discursivo e Revisão Final","Treino discursivo por período","81","Treino discursivo: da Colônia à Regência (40 linhas)","Redigir resposta de até 40 linhas sobre a formação territorial e o processo de independência.","1.1;2.4;3.3;4.3","Intermediário","2","T6",39,"2028-04-17","2ª","discursiva;resposta_curta;resumo","HBR-12-80","","10"
"HBR-12-82","História do Brasil","12","Treino Discursivo e Revisão Final","Treino discursivo por período","82","Treino discursivo: política externa do Segundo Reinado (60 linhas)","Redigir resposta de até 60 linhas sobre política externa, Prata e escravidão no Segundo Reinado.","5.2;5.3","Intermediário","2","T7",45,"2028-07-10","2ª","discursiva;resposta_curta;resumo","HBR-12-81","","10"
"HBR-12-83","História do Brasil","12","Treino Discursivo e Revisão Final","Treino discursivo por período","83","Treino discursivo: Primeira República e diplomacia de Rio Branco (60 linhas)","Redigir resposta de até 60 linhas sobre o regime oligárquico e a diplomacia da Primeira República.","6.3;6.5","Intermediário","2","T8",50,"2028-09-18","2ª","discursiva;resposta_curta;resumo","HBR-12-82","","10"
"HBR-12-84","História do Brasil","12","Treino Discursivo e Revisão Final","Treino discursivo por período","84","Treino discursivo: Era Vargas e República Liberal (40 linhas)","Redigir resposta de até 40 linhas sobre desenvolvimento e política externa entre 1930 e 1964.","7.4;8.3","Intermediário","2","T8",52,"2028-10-16","2ª","discursiva;resposta_curta;resumo","HBR-12-83","","10"
"HBR-12-85","História do Brasil","12","Treino Discursivo e Revisão Final","Treino discursivo por período","85","Treino discursivo: regime militar e transição (60 linhas)","Redigir resposta de até 60 linhas sobre economia, política externa e transição durante o regime militar.","9.2;9.3;9.5","Avançado","3","T9",55,"2028-11-27","2ª","discursiva;resposta_curta;resumo","HBR-12-84","","10"
"HBR-12-86","História do Brasil","12","Treino Discursivo e Revisão Final","Treino discursivo por período","86","Treino discursivo: Nova República e MERCOSUL (40 linhas)","Redigir resposta de até 40 linhas sobre a Constituição de 1988, o MERCOSUL e a política externa.","10.1;10.7;10.8","Avançado","3","T9",56,"2028-12-11","2ª","discursiva;resposta_curta;resumo","HBR-12-85","","10"
"HBR-12-87","História do Brasil","12","Treino Discursivo e Revisão Final","Sínteses e simulados","87","Síntese: continuidades e rupturas da política externa brasileira","Sintetizar as continuidades e rupturas da política externa brasileira ao longo dos períodos do edital.","5.2;6.5;8.3;9.3;10.7","Avançado","3","T10",57,"2028-12-25","2ª","discursiva;resposta_curta;resumo","HBR-12-86","Rubens Ricupero, A Diplomacia na Construção do Brasil","10"
"HBR-12-88","História do Brasil","12","Treino Discursivo e Revisão Final","Sínteses e simulados","88","Estratégia Certo/Errado em História do Brasil","Aplicar técnicas de leitura de comandos, cronologia e generalizações em itens Certo/Errado.","técnica","Intermediário","3","T10",60,"2029-02-05","1ª","certo_errado;ordenar;flashcard","HBR-12-87","","8"
"HBR-12-89","História do Brasil","12","Treino Discursivo e Revisão Final","Sínteses e simulados","89","Checkpoint final: simulado discursivo de 5 horas","Verificar o domínio integrado do conteúdo e da técnica em simulado com quatro questões (duas de 60 linhas e duas de 40).","técnica","Avançado","3","T11",63,"2029-03-19","1ª e 2ª","discursiva;certo_errado;ordenar","HBR-12-88","","10"
"HMU-01-01","História Mundial","1","Estruturas e Ideias Econômicas","Revolução Industrial e capitalismo","1","Revolução Industrial: da manufatura à fábrica","Descrever as transformações técnicas e sociais da Primeira Revolução Industrial.","1.1","Básico","1","T1",1,"2026-11-02","1ª","certo_errado;flashcard;ordenar","","Eric Hobsbawm, A Era das Revoluções","6"
"HMU-01-02","História Mundial","1","Estruturas e Ideias Econômicas","Revolução Industrial e capitalismo","2","Segunda Revolução Industrial e capitalismo organizado","Relacionar a Segunda Revolução Industrial, o taylorismo e o fordismo ao capitalismo organizado.","1.1","Intermediário","1","T1",2,"2026-11-16","1ª","certo_errado;associar;lacuna","HMU-01-01","","7"
"HMU-01-03","História Mundial","1","Estruturas e Ideias Econômicas","Revolução Industrial e capitalismo","3","Fases do desenvolvimento capitalista desde cerca de 1780","Distinguir as principais fases do desenvolvimento capitalista desde cerca de 1780.","1.2","Intermediário","1","T1",3,"2026-11-30","1ª","certo_errado;associar;ordenar","HMU-01-02","Eric Hobsbawm, A Era dos Impérios","7"
"HMU-01-04","História Mundial","1","Estruturas e Ideias Econômicas","Ideias econômicas","4","Da Fisiocracia ao liberalismo clássico","Comparar as ideias da Fisiocracia e do liberalismo econômico clássico.","1.3","Básico","1","T1",5,"2026-12-28","1ª","associar;certo_errado;flashcard","HMU-01-03","Adam Smith, A Riqueza das Nações","6"
"HMU-01-05","História Mundial","1","Estruturas e Ideias Econômicas","Ideias econômicas","5","Marxismo: materialismo histórico e crítica da economia política","Explicar os conceitos centrais do marxismo e sua crítica ao capitalismo.","1.4","Intermediário","1","T1",6,"2027-01-11","1ª","certo_errado;associar;lacuna","HMU-01-04","Karl Marx e Friedrich Engels, Manifesto do Partido Comunista","7"
"HMU-01-06","História Mundial","1","Estruturas e Ideias Econômicas","Crises e regulação","6","Crises capitalistas e mecanismos anticrise: a Crise de 1929 e o New Deal","Relacionar a Crise de 1929 às respostas do New Deal e às ideias de Keynes.","1.5","Intermediário","1","T2",7,"2027-01-25","1ª","certo_errado;ordenar;associar","HMU-01-05","John Maynard Keynes, Teoria Geral do Emprego, do Juro e da Moeda","7"
"HMU-01-07","História Mundial","1","Estruturas e Ideias Econômicas","Crises e regulação","7","A prosperidade no segundo pós-guerra","Identificar os fatores da prosperidade econômica do segundo pós-guerra.","1.6","Intermediário","1","T2",9,"2027-02-22","1ª","certo_errado;lacuna;flashcard","HMU-01-06","Eric Hobsbawm, Era dos Extremos","7"
"HMU-01-08","História Mundial","1","Estruturas e Ideias Econômicas","Crises e regulação","8","Estado de bem-estar social e sua crise","Explicar a formação do Estado de bem-estar social e os fatores de sua crise.","1.7","Intermediário","1","T2",10,"2027-03-08","1ª","certo_errado;associar;resposta_curta","HMU-01-07","","7"
"HMU-01-09","História Mundial","1","Estruturas e Ideias Econômicas","Crises e regulação","9","Pós-fordismo e acumulação flexível","Analisar a transição do fordismo para a acumulação flexível.","1.8","Avançado","1","T2",11,"2027-03-22","1ª","certo_errado;associar;resposta_curta","HMU-01-08","David Harvey, Condição Pós-Moderna","8"
"HMU-01-10","História Mundial","1","Estruturas e Ideias Econômicas","Checkpoint","10","Checkpoint: Estruturas e Ideias Econômicas","Verificar o domínio dos tópicos do módulo por meio de revisão integrada.","técnica","Intermediário","1","T2",13,"2027-04-19","1ª","certo_errado;ordenar;associar;flashcard","HMU-01-09","","10"
"HMU-02-11","História Mundial","2","Revoluções","Revoluções burguesas e independências","11","A Revolução Francesa: causas, fases e legado","Descrever as causas, as fases e o legado da Revolução Francesa.","2.1","Básico","1","T3",14,"2027-05-03","1ª","ordenar;certo_errado;flashcard","HMU-01-10","Eric Hobsbawm, A Era das Revoluções","6"
"HMU-02-12","História Mundial","2","Revoluções","Revoluções burguesas e independências","12","Revoluções burguesas: Inglaterra, 1830 e 1848","Comparar as revoluções burguesas quanto a causas, atores e resultados.","2.1","Intermediário","1","T3",14,"2027-05-03","1ª","certo_errado;associar;ordenar","HMU-02-11","","7"
"HMU-02-13","História Mundial","2","Revoluções","Revoluções burguesas e independências","13","Processos de independência na América: EUA, Haiti e América espanhola","Comparar os processos de independência nas Américas.","2.2","Intermediário","1","T3",15,"2027-05-17","1ª","certo_errado;associar;ordenar","HMU-02-12","","7"
"HMU-02-14","História Mundial","2","Revoluções","Conceitos e ideologias revolucionárias","14","Conceitos e características gerais das revoluções contemporâneas","Distinguir os conceitos e as características gerais das revoluções contemporâneas.","2.3","Avançado","1","T3",15,"2027-05-17","1ª","certo_errado;resposta_curta;associar","HMU-02-13","Hannah Arendt, Sobre a Revolução","8"
"HMU-02-15","História Mundial","2","Revoluções","Conceitos e ideologias revolucionárias","15","Anarquismo","Caracterizar o anarquismo e sua atuação no movimento operário.","2.4","Intermediário","1","T3",16,"2027-05-31","1ª","certo_errado;associar;flashcard","HMU-02-14","","7"
"HMU-02-16","História Mundial","2","Revoluções","Conceitos e ideologias revolucionárias","16","Socialismo: correntes e Internacionais","Diferenciar as correntes do socialismo e a organização das Internacionais.","2.5","Intermediário","1","T3",16,"2027-05-31","1ª","certo_errado;associar;ordenar","HMU-02-15","","7"
"HMU-02-17","História Mundial","2","Revoluções","Revoluções do século XX","17","Revolução Russa","Explicar as causas, as etapas e as consequências da Revolução Russa.","2.6","Intermediário","1","T3",17,"2027-06-14","1ª","ordenar;certo_errado;associar","HMU-02-16","Eric Hobsbawm, Era dos Extremos","7"
"HMU-02-18","História Mundial","2","Revoluções","Revoluções do século XX","18","Revolução Chinesa","Explicar as etapas e as consequências da Revolução Chinesa.","2.6","Intermediário","1","T3",18,"2027-06-28","1ª","ordenar;certo_errado;associar","HMU-02-17","","7"
"HMU-02-19","História Mundial","2","Revoluções","Revoluções do século XX","19","Revoluções na América Latina: México e Cuba","Comparar as revoluções mexicana e cubana quanto a causas, projetos e impactos regionais.","2.7","Avançado","1","T3",19,"2027-07-12","1ª","certo_errado;associar;resposta_curta","HMU-02-18","","8"
"HMU-02-20","História Mundial","2","Revoluções","Checkpoint","20","Checkpoint: Revoluções","Verificar o domínio dos tópicos do módulo por meio de revisão integrada.","técnica","Intermediário","1","T3",19,"2027-07-12","1ª","certo_errado;ordenar;associar;flashcard","HMU-02-19","","10"
"HMU-03-21","História Mundial","3","Relações Internacionais I: do Concerto Europeu à Segunda Guerra","Modelos e ordem europeia","21","Modelos e interpretações das relações internacionais","Distinguir os principais modelos de interpretação das relações internacionais.","3.1","Intermediário","1","T4",20,"2027-07-26","1ª","certo_errado;associar;flashcard","HMU-02-20","Edward H. Carr, Vinte Anos de Crise","7"
"HMU-03-22","História Mundial","3","Relações Internacionais I: do Concerto Europeu à Segunda Guerra","Modelos e ordem europeia","22","O Concerto Europeu e sua crise (1815-1918)","Explicar a formação do Concerto Europeu e os fatores de sua crise.","3.2","Intermediário","1","T4",22,"2027-08-23","1ª","certo_errado;ordenar;associar","HMU-03-21","Henry Kissinger, Diplomacia","7"
"HMU-03-23","História Mundial","3","Relações Internacionais I: do Concerto Europeu à Segunda Guerra","Modelos e ordem europeia","23","As rivalidades coloniais","Identificar as principais rivalidades coloniais entre as potências europeias.","3.3","Intermediário","1","T4",23,"2027-09-06","1ª","certo_errado;associar;ordenar","HMU-03-22","","7"
"HMU-03-24","História Mundial","3","Relações Internacionais I: do Concerto Europeu à Segunda Guerra","Primeira Guerra e ordem de Versalhes","24","Causas da Primeira Guerra Mundial","Analisar as causas estruturais e imediatas da Primeira Guerra Mundial.","3.4","Intermediário","1","T4",24,"2027-09-20","1ª","certo_errado;ordenar;associar","HMU-03-23","Christopher Clark, Os Sonâmbulos","7"
"HMU-03-25","História Mundial","3","Relações Internacionais I: do Concerto Europeu à Segunda Guerra","Primeira Guerra e ordem de Versalhes","25","Os 14 pontos de Wilson","Explicar os princípios dos 14 pontos de Wilson e suas limitações.","3.5","Intermediário","1","T4",26,"2027-10-18","1ª","certo_errado;traducao;associar","HMU-03-24","","8"
"HMU-03-26","História Mundial","3","Relações Internacionais I: do Concerto Europeu à Segunda Guerra","Primeira Guerra e ordem de Versalhes","26","A Paz de Versalhes e a ordem mundial (1919-1939)","Descrever os tratados de paz e a ordem mundial entre as duas guerras.","3.6","Intermediário","2","T5",27,"2027-11-01","1ª","certo_errado;associar;ordenar","HMU-03-25","Margaret MacMillan, Paris 1919","7"
"HMU-03-27","História Mundial","3","Relações Internacionais I: do Concerto Europeu à Segunda Guerra","Primeira Guerra e ordem de Versalhes","27","A Liga das Nações","Avaliar a estrutura da Liga das Nações e as causas de seu fracasso.","3.7","Intermediário","2","T5",28,"2027-11-15","1ª","certo_errado;lacuna;resposta_curta","HMU-03-26","","7"
"HMU-03-28","História Mundial","3","Relações Internacionais I: do Concerto Europeu à Segunda Guerra","Segunda Guerra Mundial","28","Causas da Segunda Guerra Mundial","Relacionar a crise do entreguerras às causas da Segunda Guerra Mundial.","3.8","Avançado","2","T5",28,"2027-11-15","1ª","certo_errado;ordenar;resposta_curta","HMU-03-27","Eric Hobsbawm, Era dos Extremos","8"
"HMU-03-29","História Mundial","3","Relações Internacionais I: do Concerto Europeu à Segunda Guerra","Segunda Guerra Mundial","29","As conferências de Moscou, Teerã, Ialta, Potsdam e São Francisco","Associar cada conferência de guerra às decisões que moldaram a ordem mundial decorrente.","3.9","Intermediário","2","T5",28,"2027-11-15","1ª","associar;ordenar;certo_errado","HMU-03-28","","7"
"HMU-03-30","História Mundial","3","Relações Internacionais I: do Concerto Europeu à Segunda Guerra","Checkpoint","30","Checkpoint: Relações Internacionais I: do Concerto Europeu à Segunda Guerra","Verificar o domínio dos tópicos do módulo por meio de revisão integrada.","técnica","Intermediário","2","T5",30,"2027-12-13","1ª","certo_errado;ordenar;associar;flashcard","HMU-03-29","","10"
"HMU-04-31","História Mundial","4","Relações Internacionais II: Pós-Guerra e Guerra Fria","Ordem do pós-guerra","31","Bretton Woods e Plano Marshall","Explicar as instituições de Bretton Woods e o Plano Marshall na reconstrução do pós-guerra.","3.10;3.11","Intermediário","2","T5",31,"2027-12-27","1ª","certo_errado;traducao;associar","HMU-03-30","","8"
"HMU-04-32","História Mundial","4","Relações Internacionais II: Pós-Guerra e Guerra Fria","Ordem do pós-guerra","32","A Organização das Nações Unidas","Descrever a estrutura e as funções da ONU.","3.12","Intermediário","2","T5",31,"2027-12-27","1ª","certo_errado;lacuna;associar","HMU-04-31","","7"
"HMU-04-33","História Mundial","4","Relações Internacionais II: Pós-Guerra e Guerra Fria","Guerra Fria","33","A Guerra Fria e a noção de bipolaridade: de Truman a Nixon","Explicar a noção de bipolaridade e as principais fases da Guerra Fria de Truman a Nixon.","3.13","Intermediário","2","T5",32,"2028-01-10","1ª","certo_errado;ordenar;associar","HMU-04-32","John Lewis Gaddis, The Cold War: A New History","7"
"HMU-04-34","História Mundial","4","Relações Internacionais II: Pós-Guerra e Guerra Fria","Guerra Fria","34","Os conflitos localizados","Identificar os principais conflitos localizados da Guerra Fria.","3.14","Intermediário","2","T5",32,"2028-01-10","1ª","certo_errado;associar;ordenar","HMU-04-33","","7"
"HMU-04-35","História Mundial","4","Relações Internacionais II: Pós-Guerra e Guerra Fria","Guerra Fria","35","A détente","Analisar as características e os limites da détente.","3.15","Avançado","2","T6",33,"2028-01-24","1ª","certo_errado;resposta_curta;ordenar","HMU-04-34","Henry Kissinger, Diplomacia","8"
"HMU-04-36","História Mundial","4","Relações Internacionais II: Pós-Guerra e Guerra Fria","Guerra Fria","36","A segunda Guerra Fria (Reagan-Bush)","Caracterizar a segunda Guerra Fria nos governos Reagan e Bush.","3.16","Avançado","2","T6",34,"2028-02-07","1ª","certo_errado;associar;resposta_curta","HMU-04-35","","8"
"HMU-04-37","História Mundial","4","Relações Internacionais II: Pós-Guerra e Guerra Fria","Guerra Fria","37","Crise e desagregação do bloco soviético","Relacionar os fatores internos e externos à desagregação do bloco soviético.","3.17","Avançado","2","T6",35,"2028-02-21","1ª","certo_errado;ordenar;resposta_curta","HMU-04-36","","8"
"HMU-04-38","História Mundial","4","Relações Internacionais II: Pós-Guerra e Guerra Fria","Checkpoint","38","Checkpoint: Relações Internacionais II: Pós-Guerra e Guerra Fria","Verificar o domínio dos tópicos do módulo por meio de revisão integrada.","técnica","Intermediário","2","T6",36,"2028-03-06","1ª","certo_errado;ordenar;associar;flashcard","HMU-04-37","","10"
"HMU-05-39","História Mundial","5","Colonialismo, Imperialismo e Descolonização","Colonialismo e imperialismo","39","O fim do colonialismo do Antigo Regime","Explicar o fim do colonialismo do Antigo Regime.","4.1","Básico","2","T6",36,"2028-03-06","1ª","certo_errado;lacuna;flashcard","HMU-04-38","","6"
"HMU-05-40","História Mundial","5","Colonialismo, Imperialismo e Descolonização","Colonialismo e imperialismo","40","A nova expansão europeia","Descrever a nova expansão europeia do século XIX.","4.2","Básico","2","T6",37,"2028-03-20","1ª","certo_errado;associar;flashcard","HMU-05-39","Eric Hobsbawm, A Era dos Impérios","6"
"HMU-05-41","História Mundial","5","Colonialismo, Imperialismo e Descolonização","Colonialismo e imperialismo","41","Os debates sobre a natureza do Imperialismo","Comparar as interpretações sobre a natureza do Imperialismo.","4.3","Avançado","2","T6",38,"2028-04-03","1ª","certo_errado;associar;resposta_curta","HMU-05-40","Eric Hobsbawm, A Era dos Impérios","8"
"HMU-05-42","História Mundial","5","Colonialismo, Imperialismo e Descolonização","Colonialismo e imperialismo","42","A partilha da África e da Ásia","Descrever a partilha da África e da Ásia.","4.4","Intermediário","2","T6",39,"2028-04-17","1ª","certo_errado;ordenar;associar","HMU-05-41","","7"
"HMU-05-43","História Mundial","5","Colonialismo, Imperialismo e Descolonização","Colonialismo e imperialismo","43","Dominação e reação na Índia, China e Japão","Comparar o processo de dominação e as reações na Índia, na China e no Japão.","4.5","Intermediário","2","T7",40,"2028-05-01","1ª","certo_errado;associar;ordenar","HMU-05-42","","7"
"HMU-05-44","História Mundial","5","Colonialismo, Imperialismo e Descolonização","Descolonização e Terceiro Mundo","44","A descolonização","Explicar as causas e as principais etapas da descolonização.","4.6","Intermediário","2","T7",40,"2028-05-01","1ª","certo_errado;ordenar;associar","HMU-05-43","","7"
"HMU-05-45","História Mundial","5","Colonialismo, Imperialismo e Descolonização","Descolonização e Terceiro Mundo","45","Bandung, Não Alinhamento e Terceiro Mundo","Relacionar a Conferência de Bandung, o Não Alinhamento e o conceito de Terceiro Mundo.","4.7;4.8;4.9","Intermediário","2","T7",41,"2028-05-15","1ª","certo_errado;associar;resposta_curta","HMU-05-44","","7"
"HMU-05-46","História Mundial","5","Colonialismo, Imperialismo e Descolonização","Checkpoint","46","Checkpoint: Colonialismo, Imperialismo e Descolonização","Verificar o domínio dos tópicos do módulo por meio de revisão integrada.","técnica","Avançado","2","T7",41,"2028-05-15","1ª","certo_errado;ordenar;associar;flashcard","HMU-05-45","","10"
"HMU-06-47","História Mundial","6","A Evolução Política e Econômica nas Américas","Estados Unidos","47","A expansão territorial dos EUA","Descrever as etapas da expansão territorial dos Estados Unidos.","5.1","Básico","2","T7",42,"2028-05-29","1ª","ordenar;certo_errado;flashcard","HMU-05-46","","6"
"HMU-06-48","História Mundial","6","A Evolução Política e Econômica nas Américas","Estados Unidos","48","A Guerra de Secessão","Explicar as causas e as consequências da Guerra de Secessão.","5.2","Intermediário","2","T7",43,"2028-06-12","1ª","certo_errado;ordenar;associar","HMU-06-47","","7"
"HMU-06-49","História Mundial","6","A Evolução Política e Econômica nas Américas","América Latina","49","Identidades nacionais e Estados na América Latina: militarismo e caudilhismo","Explicar a constituição dos Estados e das identidades nacionais na América Latina, com o militarismo e o caudilhismo.","5.3","Intermediário","2","T7",43,"2028-06-12","1ª","certo_errado;associar;resposta_curta","HMU-06-48","Leslie Bethell (org.), História da América Latina","7"
"HMU-06-50","História Mundial","6","A Evolução Política e Econômica nas Américas","Hemisfério e integração","50","A Doutrina Monroe e a política externa dos EUA na América Latina","Analisar a Doutrina Monroe e sua aplicação na política externa dos EUA.","5.4","Intermediário","2","T7",43,"2028-06-12","1ª","certo_errado;traducao;resposta_curta","HMU-06-49","","8"
"HMU-06-51","História Mundial","6","A Evolução Política e Econômica nas Américas","Hemisfério e integração","51","Pan-Americanismo, OEA e Tratado do Rio de Janeiro","Relacionar o Pan-Americanismo, a OEA e o Tratado do Rio de Janeiro.","5.5;5.6","Intermediário","2","T7",44,"2028-06-26","1ª","certo_errado;associar;ordenar","HMU-06-50","","7"
"HMU-06-52","História Mundial","6","A Evolução Política e Econômica nas Américas","Hemisfério e integração","52","As experiências de integração nas Américas","Comparar as experiências de integração nas Américas.","5.7","Avançado","2","T7",45,"2028-07-10","1ª","certo_errado;associar;resposta_curta","HMU-06-51","","8"
"HMU-06-53","História Mundial","6","A Evolução Política e Econômica nas Américas","Checkpoint","53","Checkpoint: A Evolução Política e Econômica nas Américas","Verificar o domínio dos tópicos do módulo por meio de revisão integrada.","técnica","Avançado","2","T7",45,"2028-07-10","1ª","certo_errado;ordenar;associar;flashcard","HMU-06-52","","10"
"HMU-07-54","História Mundial","7","Ideias e Regimes Políticos","Século XIX","54","Liberalismo e nacionalismo no século XIX","Distinguir liberalismo e nacionalismo como correntes ideológicas do século XIX.","6.1","Básico","2","T8",47,"2028-08-07","1ª","certo_errado;associar;flashcard","HMU-06-53","Eric Hobsbawm, Nações e Nacionalismo desde 1780","6"
"HMU-07-55","História Mundial","7","Ideias e Regimes Políticos","Século XIX","55","A construção dos Estados nacionais: Alemanha e Itália","Comparar os processos de unificação da Alemanha e da Itália.","6.2","Intermediário","2","T8",47,"2028-08-07","1ª","certo_errado;ordenar;associar","HMU-07-54","","7"
"HMU-07-56","História Mundial","7","Ideias e Regimes Políticos","Século XX","56","Democracia, fascismo e comunismo no século XX","Distinguir democracia, fascismo e comunismo como correntes ideológicas do século XX.","6.3","Intermediário","2","T8",47,"2028-08-07","1ª","certo_errado;associar;resposta_curta","HMU-07-55","","7"
"HMU-07-57","História Mundial","7","Ideias e Regimes Políticos","Século XX","57","Ditaduras e regimes fascistas","Caracterizar as ditaduras e os regimes fascistas.","6.4","Intermediário","2","T8",48,"2028-08-21","1ª","certo_errado;associar;ordenar","HMU-07-56","Hannah Arendt, As Origens do Totalitarismo","7"
"HMU-07-58","História Mundial","7","Ideias e Regimes Políticos","Século XX","58","O novo nacionalismo e o fundamentalismo contemporâneo","Analisar o novo nacionalismo e a questão do fundamentalismo contemporâneo.","6.5","Avançado","2","T8",49,"2028-09-04","1ª","certo_errado;resposta_curta;associar","HMU-07-57","","8"
"HMU-07-59","História Mundial","7","Ideias e Regimes Políticos","Século XX","59","O liberalismo no século XX","Explicar as transformações do liberalismo no século XX.","6.6","Avançado","2","T8",49,"2028-09-04","1ª","certo_errado;associar;resposta_curta","HMU-07-58","","8"
"HMU-07-60","História Mundial","7","Ideias e Regimes Políticos","Checkpoint","60","Checkpoint: Ideias e Regimes Políticos","Verificar o domínio dos tópicos do módulo por meio de revisão integrada.","técnica","Avançado","2","T8",50,"2028-09-18","1ª","certo_errado;ordenar;associar;flashcard","HMU-07-59","","10"
"HMU-08-61","História Mundial","8","A Vida Cultural","Movimentos culturais","61","O movimento romântico","Caracterizar o movimento romântico.","7.1","Básico","2","T8",51,"2028-10-02","1ª","certo_errado;associar;flashcard","HMU-07-60","","6"
"HMU-08-62","História Mundial","8","A Vida Cultural","Movimentos culturais","62","A cultura do imperialismo","Explicar a cultura do imperialismo.","7.2","Intermediário","2","T8",51,"2028-10-02","1ª","certo_errado;associar;resposta_curta","HMU-08-61","Eric Hobsbawm, A Era dos Impérios","7"
"HMU-08-63","História Mundial","8","A Vida Cultural","Movimentos culturais","63","As vanguardas europeias e o modernismo","Distinguir as vanguardas europeias e o modernismo.","7.3;7.4","Intermediário","2","T8",51,"2028-10-02","1ª","associar;certo_errado;ordenar","HMU-08-62","","7"
"HMU-08-64","História Mundial","8","A Vida Cultural","Movimentos culturais","64","A pós-modernidade","Analisar a pós-modernidade como categoria cultural.","7.5","Avançado","3","T9",53,"2028-10-30","1ª","certo_errado;associar;resposta_curta","HMU-08-63","David Harvey, Condição Pós-Moderna","8"
"HMU-08-65","História Mundial","8","A Vida Cultural","Checkpoint","65","Checkpoint: A Vida Cultural","Verificar o domínio dos tópicos do módulo por meio de revisão integrada.","técnica","Avançado","3","T9",53,"2028-10-30","1ª","certo_errado;ordenar;associar;flashcard","HMU-08-64","","10"
"HMU-09-66","História Mundial","9","Relações Internacionais no Século XXI e Paradigmas Digitais","Novos paradigmas","66","Relações internacionais no século XXI: redes sociais e ferramentas digitais","Analisar o impacto das redes sociais e das tecnologias digitais sobre as relações internacionais.","8","Avançado","3","T9",54,"2028-11-13","1ª","certo_errado;associar;resposta_curta","HMU-08-65","Henry Kissinger, Ordem Mundial","8"
"HMU-09-67","História Mundial","9","Relações Internacionais no Século XXI e Paradigmas Digitais","Checkpoint","67","Checkpoint: Relações Internacionais no Século XXI e Paradigmas Digitais","Verificar o domínio dos tópicos do módulo por meio de revisão integrada.","técnica","Avançado","3","T9",55,"2028-11-27","1ª","certo_errado;ordenar;associar;flashcard","HMU-09-66","","10"
"HMU-10-68","História Mundial","10","Revisão Integrada da 1ª Fase","Revisão e simulado","68","Estratégia Certo/Errado em História Mundial","Aplicar técnicas de leitura de comandos, cronologia e generalizações em itens Certo/Errado.","técnica","Intermediário","3","T10",58,"2029-01-08","1ª","certo_errado;ordenar;flashcard","HMU-09-67","","8"
"HMU-10-69","História Mundial","10","Revisão Integrada da 1ª Fase","Revisão e simulado","69","Checkpoint final: simulado integrado de História Mundial","Verificar o domínio integrado dos tópicos de História Mundial em simulado Certo/Errado com linhas do tempo.","técnica","Avançado","3","T11",63,"2029-03-19","1ª","certo_errado;ordenar;associar","HMU-10-68","","10"
"GEO-01-01","Geografia","1","História da Geografia","Expansão colonial e pensamento geográfico","1","Geografia e conhecimento do mundo colonial","Descrever como a expansão colonial produziu saber geográfico","1.1","Básico","1","T1",1,"2026-11-02","1ª e 2ª","flashcard;certo_errado","","","6"
"GEO-01-02","Geografia","1","História da Geografia","A Geografia moderna e a questão nacional","2","Geografia e formação dos Estados nacionais europeus","Explicar o vínculo entre Geografia moderna e construção nacional","1.2","Básico","1","T1",2,"2026-11-16","1ª e 2ª","certo_errado;lacuna","GEO-01-01","","6"
"GEO-01-03","Geografia","1","História da Geografia","A Geografia moderna e a questão nacional","3","Ratzel, espaço vital e Antropogeografia","Caracterizar o pensamento de Ratzel e o conceito de espaço vital","1.2","Intermediário","1","T1",3,"2026-11-30","1ª e 2ª","certo_errado;flashcard","GEO-01-02","","7"
"GEO-01-04","Geografia","1","História da Geografia","A Geografia moderna e a questão nacional","4","Vidal de la Blache e o possibilismo","Contrastar determinismo ambiental e possibilismo","1.2","Intermediário","1","T1",4,"2026-12-14","1ª e 2ª","associar;certo_errado","GEO-01-03","","7"
"GEO-01-05","Geografia","1","História da Geografia","Correntes teóricas da Geografia","5","Geografia tradicional e Geografia quantitativa","Diferenciar a Geografia tradicional da teorético-quantitativa","1.3","Intermediário","1","T1",5,"2026-12-28","1ª e 2ª","associar;certo_errado","GEO-01-04","Antonio Carlos Robert Moraes, Geografia: pequena história crítica","7"
"GEO-01-06","Geografia","1","História da Geografia","Correntes teóricas da Geografia","6","Geografia crítica e marxista","Descrever a ruptura da Geografia crítica com a tradição","1.3","Intermediário","1","T1",6,"2027-01-11","1ª e 2ª","certo_errado;resposta_curta","GEO-01-05","Antonio Carlos Robert Moraes, Geografia: pequena história crítica","7"
"GEO-01-07","Geografia","1","História da Geografia","Correntes teóricas da Geografia","7","Geografia humanista e cultural","Explicar as bases da Geografia humanista e cultural","1.3","Intermediário","1","T2",7,"2027-01-25","1ª e 2ª","flashcard;certo_errado","GEO-01-06","","7"
"GEO-01-08","Geografia","1","História da Geografia","Correntes teóricas da Geografia","8","Milton Santos e o espaço geográfico","Definir espaço geográfico segundo Milton Santos","1.3","Avançado","1","T2",8,"2027-02-08","1ª e 2ª","certo_errado;resposta_curta","GEO-01-07","Milton Santos, A Natureza do Espaço","9"
"GEO-01-09","Geografia","1","História da Geografia","Checkpoint","9","Checkpoint do módulo 1","Verificar o domínio da história e das correntes da Geografia","técnica","Intermediário","1","T2",9,"2027-02-22","1ª e 2ª","certo_errado;multipla_escolha;ordenar","GEO-01-08","","10"
"GEO-02-10","Geografia","2","Geografia da população","Distribuição espacial da população","10","Distribuição da população mundial","Identificar os grandes padrões de povoamento mundial","2.1","Básico","1","T2",11,"2027-03-22","1ª","certo_errado;associar","","","6"
"GEO-02-11","Geografia","2","Geografia da população","Distribuição espacial da população","11","Distribuição da população no Brasil","Descrever a distribuição espacial da população brasileira","2.1","Básico","1","T2",12,"2027-04-05","1ª e 2ª","certo_errado;resposta_curta","GEO-02-10","","6"
"GEO-02-12","Geografia","2","Geografia da população","Movimentos migratórios","12","Teorias e tipologia das migrações","Classificar migrações por causa, duração e fluxo","2.2","Básico","1","T2",13,"2027-04-19","1ª e 2ª","associar;certo_errado","GEO-02-11","","6"
"GEO-02-13","Geografia","2","Geografia da população","Movimentos migratórios","13","Grandes fluxos migratórios internacionais","Reconhecer os principais fluxos migratórios internacionais","2.2","Intermediário","1","T3",14,"2027-05-03","1ª e 2ª","certo_errado;resposta_curta","GEO-02-12","","7"
"GEO-02-14","Geografia","2","Geografia da população","Movimentos migratórios","14","Migrações internas no Brasil","Explicar os ciclos de migração interna no Brasil","2.2","Intermediário","1","T3",14,"2027-05-03","1ª e 2ª","ordenar;certo_errado","GEO-02-13","","7"
"GEO-02-15","Geografia","2","Geografia da população","Dinâmica populacional e qualidade de vida","15","Transição demográfica","Interpretar as fases da transição demográfica","2.3","Básico","1","T3",15,"2027-05-17","1ª e 2ª","ordenar;certo_errado","GEO-02-14","","6"
"GEO-02-16","Geografia","2","Geografia da população","Dinâmica populacional e qualidade de vida","16","IDH e indicadores de qualidade de vida","Comparar IDH e outros indicadores de qualidade de vida","2.3","Intermediário","1","T3",17,"2027-06-14","1ª e 2ª","associar;certo_errado","GEO-02-15","","7"
"GEO-02-17","Geografia","2","Geografia da população","Checkpoint","17","Checkpoint do módulo 2","Verificar o domínio de população e migrações","técnica","Intermediário","1","T3",17,"2027-06-14","1ª e 2ª","certo_errado;multipla_escolha","GEO-02-16","","10"
"GEO-03-18","Geografia","3","Geografia econômica","Globalização e divisão internacional do trabalho","18","Globalização: conceito e fases","Caracterizar as fases e dimensões da globalização","3.1","Básico","1","T3",19,"2027-07-12","1ª e 2ª","certo_errado;flashcard","","","6"
"GEO-03-19","Geografia","3","Geografia econômica","Globalização e divisão internacional do trabalho","19","Divisão internacional do trabalho clássica e atual","Contrastar a divisão internacional do trabalho clássica e a atual","3.1","Intermediário","1","T3",19,"2027-07-12","1ª e 2ª","certo_errado;resposta_curta","GEO-03-18","","7"
"GEO-03-20","Geografia","3","Geografia econômica","Globalização e divisão internacional do trabalho","20","Empresas transnacionais e fragmentação produtiva","Explicar o papel das transnacionais na organização do espaço","3.1","Intermediário","1","T4",20,"2027-07-26","1ª e 2ª","certo_errado;associar","GEO-03-19","","7"
"GEO-03-21","Geografia","3","Geografia econômica","Blocos econômicos internacionais","21","Níveis de integração econômica","Ordenar os níveis de integração econômica regional","3.2","Básico","1","T4",21,"2027-08-09","1ª","ordenar;certo_errado","GEO-03-20","","6"
"GEO-03-22","Geografia","3","Geografia econômica","Blocos econômicos internacionais","22","Principais blocos econômicos do mundo","Identificar estrutura e objetivos dos principais blocos","3.2","Intermediário","1","T4",22,"2027-08-23","1ª e 2ª","associar;certo_errado","GEO-03-21","","7"
"GEO-03-23","Geografia","3","Geografia econômica","Energia, logística e reordenamento pós-fordista","23","Fordismo, toyotismo e acumulação flexível","Distinguir fordismo de pós-fordismo","3.3","Intermediário","1","T4",23,"2027-09-06","1ª e 2ª","certo_errado;associar","GEO-03-22","","7"
"GEO-03-24","Geografia","3","Geografia econômica","Energia, logística e reordenamento pós-fordista","24","Matriz energética mundial","Descrever a matriz energética mundial e suas tendências","3.3","Intermediário","1","T4",23,"2027-09-06","1ª e 2ª","certo_errado;flashcard","GEO-03-23","","7"
"GEO-03-25","Geografia","3","Geografia econômica","Energia, logística e reordenamento pós-fordista","25","Matriz energética e infraestrutura no Brasil","Caracterizar a matriz energética brasileira","3.3","Intermediário","2","T5",27,"2027-11-01","1ª e 2ª","certo_errado;resposta_curta","GEO-03-24","","7"
"GEO-03-26","Geografia","3","Geografia econômica","Energia, logística e reordenamento pós-fordista","26","Logística, corredores e transportes","Relacionar logística e transportes ao reordenamento territorial","3.3","Intermediário","2","T5",28,"2027-11-15","1ª e 2ª","certo_errado;associar","GEO-03-25","","7"
"GEO-03-27","Geografia","3","Geografia econômica","Disparidades regionais e planejamento no Brasil","27","Regionalizações do Brasil","Comparar as regionalizações oficiais do território brasileiro","3.4","Básico","2","T5",28,"2027-11-15","1ª e 2ª","associar;certo_errado","GEO-03-26","","6"
"GEO-03-28","Geografia","3","Geografia econômica","Disparidades regionais e planejamento no Brasil","28","Desigualdades regionais e políticas de desenvolvimento","Analisar políticas regionais como a SUDENE e a SUDAM","3.4","Intermediário","2","T5",30,"2027-12-13","1ª e 2ª","certo_errado;resposta_curta","GEO-03-27","","7"
"GEO-03-29","Geografia","3","Geografia econômica","Disparidades regionais e planejamento no Brasil","29","Planejamento territorial e eixos de integração","Avaliar o planejamento territorial brasileiro recente","3.4","Avançado","2","T5",30,"2027-12-13","2ª","resposta_curta;discursiva","GEO-03-28","","10"
"GEO-03-30","Geografia","3","Geografia econômica","Checkpoint","30","Checkpoint do módulo 3","Verificar o domínio de Geografia econômica","técnica","Intermediário","2","T5",31,"2027-12-27","1ª e 2ª","certo_errado;multipla_escolha","GEO-03-29","","10"
"GEO-04-31","Geografia","4","Geografia agrária","Agricultura e pecuária mundiais","31","Sistemas agrícolas e regiões produtoras","Localizar sistemas agrícolas e grandes regiões produtoras","4.1","Básico","1","T4",24,"2027-09-20","1ª","associar;certo_errado","","","6"
"GEO-04-32","Geografia","4","Geografia agrária","Agronegócio no Brasil e no mundo","32","Revolução Verde e modernização agrícola","Explicar a Revolução Verde e seus efeitos","4.2","Intermediário","2","T5",32,"2028-01-10","1ª e 2ª","certo_errado;resposta_curta","GEO-04-31","","7"
"GEO-04-33","Geografia","4","Geografia agrária","Agronegócio no Brasil e no mundo","33","Complexos agroindustriais e fronteiras agrícolas","Caracterizar o agronegócio e a expansão da fronteira agrícola","4.2","Intermediário","2","T6",33,"2028-01-24","1ª e 2ª","certo_errado;associar","GEO-04-32","","7"
"GEO-04-34","Geografia","4","Geografia agrária","Estrutura fundiária e relações de produção","34","Estrutura fundiária brasileira","Interpretar a concentração fundiária no Brasil","4.3","Básico","2","T6",33,"2028-01-24","1ª e 2ª","certo_errado;resposta_curta","GEO-04-33","Ariovaldo Umbelino de Oliveira, A Geografia das Lutas no Campo","6"
"GEO-04-35","Geografia","4","Geografia agrária","Estrutura fundiária e relações de produção","35","Reforma agrária e conflitos no campo","Analisar a questão agrária e os conflitos no campo","4.3","Avançado","2","T6",34,"2028-02-07","2ª","resposta_curta;discursiva","GEO-04-34","","10"
"GEO-04-36","Geografia","4","Geografia agrária","Checkpoint","36","Checkpoint do módulo 4","Verificar o domínio de Geografia agrária","técnica","Intermediário","2","T6",36,"2028-03-06","1ª e 2ª","certo_errado;multipla_escolha","GEO-04-35","","10"
"GEO-05-37","Geografia","5","Geografia urbana","Urbanização e redes de cidades","37","Urbanização mundial e brasileira","Comparar os processos de urbanização no mundo e no Brasil","5.1","Básico","2","T6",36,"2028-03-06","1ª e 2ª","certo_errado;ordenar","","","6"
"GEO-05-38","Geografia","5","Geografia urbana","Urbanização e redes de cidades","38","Redes urbanas e hierarquia de cidades","Explicar redes urbanas e hierarquia de cidades","5.1","Intermediário","2","T6",37,"2028-03-20","1ª e 2ª","certo_errado;flashcard","GEO-05-37","","7"
"GEO-05-39","Geografia","5","Geografia urbana","Conurbação, metropolização e cidades mundiais","39","Conurbação, metrópoles e megacidades","Diferenciar conurbação, metropolização e megacidade","5.2","Básico","2","T6",38,"2028-04-03","1ª","associar;lacuna","GEO-05-38","","6"
"GEO-05-40","Geografia","5","Geografia urbana","Conurbação, metropolização e cidades mundiais","40","Cidades globais e mundiais","Caracterizar cidades globais e seus critérios de classificação","5.2","Intermediário","2","T7",40,"2028-05-01","1ª e 2ª","certo_errado;resposta_curta","GEO-05-39","","7"
"GEO-05-41","Geografia","5","Geografia urbana","Dinâmica intraurbana das metrópoles brasileiras","41","Segregação, periferização e favelização","Analisar segregação socioespacial nas metrópoles brasileiras","5.3","Intermediário","2","T7",41,"2028-05-15","1ª e 2ª","certo_errado;resposta_curta","GEO-05-40","Roberto Lobato Corrêa, O Espaço Urbano","7"
"GEO-05-42","Geografia","5","Geografia urbana","Dinâmica intraurbana das metrópoles brasileiras","42","Mobilidade, habitação e reestruturação urbana","Relacionar mobilidade e habitação à estrutura intraurbana","5.3","Avançado","2","T7",41,"2028-05-15","2ª","resposta_curta;discursiva","GEO-05-41","","10"
"GEO-05-43","Geografia","5","Geografia urbana","O papel das cidades médias","43","Cidades médias e modernização do Brasil","Explicar o papel das cidades médias na modernização brasileira","5.4","Intermediário","2","T7",42,"2028-05-29","1ª e 2ª","certo_errado;resposta_curta","GEO-05-42","","7"
"GEO-05-44","Geografia","5","Geografia urbana","Checkpoint","44","Checkpoint do módulo 5","Verificar o domínio de Geografia urbana","técnica","Intermediário","2","T7",43,"2028-06-12","1ª e 2ª","certo_errado;multipla_escolha","GEO-05-43","","10"
"GEO-06-45","Geografia","6","Geografia política","Teorias geopolíticas e poder mundial","45","Geopolítica clássica: Mackinder, Spykman e Mahan","Comparar as teorias clássicas do poder terrestre e marítimo","6.1","Intermediário","2","T7",44,"2028-06-26","1ª e 2ª","associar;certo_errado","","","7"
"GEO-06-46","Geografia","6","Geografia política","Teorias geopolíticas e poder mundial","46","Geopolítica da Guerra Fria","Relacionar a geopolítica à ordem bipolar","6.1","Intermediário","2","T7",44,"2028-06-26","1ª e 2ª","certo_errado;flashcard","GEO-06-45","","7"
"GEO-06-47","Geografia","6","Geografia política","Teorias geopolíticas e poder mundial","47","Geopolítica contemporânea e poder mundial","Analisar a distribuição contemporânea do poder mundial","6.1","Avançado","2","T8",46,"2028-07-24","1ª e 2ª","certo_errado;resposta_curta","GEO-06-46","Zbigniew Brzezinski, O Grande Tabuleiro de Xadrez","9"
"GEO-06-48","Geografia","6","Geografia política","Teorias geopolíticas e poder mundial","48","Pensamento geopolítico brasileiro","Descrever o pensamento geopolítico brasileiro e seus autores","6.1","Avançado","2","T8",47,"2028-08-07","1ª e 2ª","certo_errado;associar","GEO-06-47","","9"
"GEO-06-49","Geografia","6","Geografia política","Fronteiras e apropriação política do espaço","49","Fronteiras, limites e faixas de fronteira","Distinguir fronteira de limite e tipos de fronteira","6.2","Básico","2","T8",48,"2028-08-21","1ª e 2ª","associar;lacuna","GEO-06-48","","6"
"GEO-06-50","Geografia","6","Geografia política","Fronteiras e apropriação política do espaço","50","Disputas territoriais e fronteiras do Brasil","Analisar disputas territoriais e a formação das fronteiras brasileiras","6.2","Avançado","2","T8",49,"2028-09-04","1ª e 2ª","certo_errado;resposta_curta","GEO-06-49","","9"
"GEO-06-51","Geografia","6","Geografia política","Relações Estado e território","51","Território, soberania e territorialidade","Relacionar Estado, território e soberania","6.3","Intermediário","2","T8",49,"2028-09-04","1ª e 2ª","certo_errado;flashcard","GEO-06-50","Claude Raffestin, Por uma geografia do poder","7"
"GEO-06-52","Geografia","6","Geografia política","Relações Estado e território","52","Desterritorialização e novas territorialidades","Avaliar o debate sobre desterritorialização","6.3","Avançado","2","T8",50,"2028-09-18","2ª","resposta_curta;discursiva","GEO-06-51","Rogério Haesbaert, O Mito da Desterritorialização","10"
"GEO-06-53","Geografia","6","Geografia política","Checkpoint","53","Checkpoint do módulo 6","Verificar o domínio de Geografia política","técnica","Intermediário","2","T8",51,"2028-10-02","1ª e 2ª","certo_errado;multipla_escolha","GEO-06-52","","10"
"GEO-07-54","Geografia","7","Geografia e gestão ambiental","Macrodivisão natural do espaço brasileiro","54","Domínios morfoclimáticos","Caracterizar os domínios morfoclimáticos brasileiros","7.2","Básico","1","T4",25,"2027-10-04","1ª","associar;certo_errado","","Aziz Ab'Sáber, Os Domínios de Natureza no Brasil","6"
"GEO-07-55","Geografia","7","Geografia e gestão ambiental","Macrodivisão natural do espaço brasileiro","55","Biomas brasileiros","Descrever os biomas brasileiros e suas ameaças","7.2","Básico","1","T4",26,"2027-10-18","1ª e 2ª","associar;certo_errado","GEO-07-54","","6"
"GEO-07-56","Geografia","7","Geografia e gestão ambiental","Meio ambiente nas relações internacionais","56","Regimes e conferências ambientais","Ordenar os marcos institucionais do regime ambiental","7.1","Intermediário","3","T9",53,"2028-10-30","1ª e 2ª","ordenar;certo_errado","GEO-07-55","","7"
"GEO-07-57","Geografia","7","Geografia e gestão ambiental","Meio ambiente nas relações internacionais","57","Mudança do clima e regime climático","Descrever o regime climático internacional","7.1","Avançado","3","T9",53,"2028-10-30","1ª e 2ª","certo_errado;resposta_curta","GEO-07-56","","9"
"GEO-07-58","Geografia","7","Geografia e gestão ambiental","Macrodivisão natural do espaço brasileiro","58","Recursos hídricos e bacias hidrográficas","Localizar as grandes bacias e discutir a gestão da água","7.2","Intermediário","3","T9",54,"2028-11-13","1ª e 2ª","certo_errado;resposta_curta","GEO-07-57","","7"
"GEO-07-59","Geografia","7","Geografia e gestão ambiental","Política e gestão ambiental no Brasil","59","Legislação ambiental brasileira","Identificar os instrumentos da política ambiental brasileira","7.3","Intermediário","3","T9",54,"2028-11-13","1ª e 2ª","certo_errado;flashcard","GEO-07-58","","7"
"GEO-07-60","Geografia","7","Geografia e gestão ambiental","Política e gestão ambiental no Brasil","60","Unidades de conservação e licenciamento","Explicar unidades de conservação e licenciamento ambiental","7.3","Intermediário","3","T9",55,"2028-11-27","1ª e 2ª","certo_errado;associar","GEO-07-59","","7"
"GEO-07-61","Geografia","7","Geografia e gestão ambiental","Política e gestão ambiental no Brasil","61","Amazônia e Cerrado: desmatamento e governança","Analisar a governança ambiental na Amazônia e no Cerrado","7.3","Avançado","3","T9",55,"2028-11-27","2ª","resposta_curta;discursiva","GEO-07-60","","10"
"GEO-07-62","Geografia","7","Geografia e gestão ambiental","Checkpoint","62","Checkpoint do módulo 7","Verificar o domínio de Geografia e gestão ambiental","técnica","Intermediário","3","T9",56,"2028-12-11","1ª e 2ª","certo_errado;multipla_escolha","GEO-07-61","","10"
"GEO-08-63","Geografia","8","Treino discursivo e revisão final","Treino discursivo","63","Método da resposta discursiva em Geografia","Estruturar respostas discursivas de 40 e 60 linhas","técnica","Intermediário","2","T6",39,"2028-04-17","2ª","resumo;discursiva","","","10"
"GEO-08-64","Geografia","8","Treino discursivo e revisão final","Treino discursivo","64","Discursiva: população e economia","Redigir resposta discursiva integrando população e economia","2.2;3.1","Avançado","2","T7",45,"2028-07-10","2ª","discursiva","GEO-08-63","","10"
"GEO-08-65","Geografia","8","Treino discursivo e revisão final","Treino discursivo","65","Discursiva: agrária e urbana","Redigir resposta discursiva sobre campo e cidade","4.3;5.3","Avançado","2","T8",52,"2028-10-16","2ª","discursiva","GEO-08-64","","10"
"GEO-08-66","Geografia","8","Treino discursivo e revisão final","Treino discursivo","66","Discursiva: geopolítica e território","Redigir resposta discursiva sobre geopolítica e território","6.1;6.3","Avançado","3","T9",56,"2028-12-11","2ª","discursiva","GEO-08-65","","10"
"GEO-08-67","Geografia","8","Treino discursivo e revisão final","Treino discursivo","67","Discursiva: meio ambiente","Redigir resposta discursiva sobre política ambiental","7.1;7.3","Avançado","3","T10",58,"2029-01-08","2ª","discursiva","GEO-08-66","","10"
"GEO-08-68","Geografia","8","Treino discursivo e revisão final","Revisão final","68","Simulado de Certo/Errado de Geografia","Praticar itens Certo/Errado em ritmo de prova","técnica","Avançado","3","T10",60,"2029-02-05","1ª","certo_errado","GEO-08-67","","10"
"GEO-08-69","Geografia","8","Treino discursivo e revisão final","Revisão final","69","Simulado discursivo de Geografia","Simular a prova discursiva de Geografia","técnica","Avançado","3","T11",63,"2029-03-19","2ª","discursiva","GEO-08-68","","10"
"POL-01-01","Política Internacional","1","Fundamentos de Relações Internacionais","Conceitos, atores e processos","1","Objeto e conceitos básicos das Relações Internacionais","Definir os conceitos básicos da área","1","Básico","1","T1",1,"2026-11-02","1ª e 2ª","flashcard;certo_errado","","","6"
"POL-01-02","Política Internacional","1","Fundamentos de Relações Internacionais","Conceitos, atores e processos","2","Estado, soberania e sistema internacional","Explicar Estado, soberania e anarquia internacional","1","Básico","1","T1",3,"2026-11-30","1ª e 2ª","certo_errado;lacuna","POL-01-01","","6"
"POL-01-03","Política Internacional","1","Fundamentos de Relações Internacionais","Instituições internacionais","3","Organizações internacionais e regimes","Diferenciar organizações internacionais e regimes","1","Intermediário","1","T1",4,"2026-12-14","1ª e 2ª","certo_errado;associar","POL-01-02","Robert Keohane e Joseph Nye, Power and Interdependence","7"
"POL-01-04","Política Internacional","1","Fundamentos de Relações Internacionais","Paradigmas teóricos","4","Realismo clássico e neorrealismo","Comparar realismo clássico e neorrealismo","1","Intermediário","1","T1",6,"2027-01-11","1ª e 2ª","certo_errado;resposta_curta","POL-01-03","Kenneth Waltz, Theory of International Politics","7"
"POL-01-05","Política Internacional","1","Fundamentos de Relações Internacionais","Paradigmas teóricos","5","Liberalismo e institucionalismo","Descrever o liberalismo e o institucionalismo neoliberal","1","Intermediário","1","T2",7,"2027-01-25","1ª e 2ª","certo_errado;associar","POL-01-04","","7"
"POL-01-06","Política Internacional","1","Fundamentos de Relações Internacionais","Paradigmas teóricos","6","Escola Inglesa e sociedade internacional","Explicar a noção de sociedade internacional da Escola Inglesa","1","Intermediário","1","T2",8,"2027-02-08","1ª e 2ª","certo_errado;flashcard","POL-01-05","Hedley Bull, A Sociedade Anárquica","7"
"POL-01-07","Política Internacional","1","Fundamentos de Relações Internacionais","Paradigmas teóricos","7","Construtivismo","Resumir os pressupostos do construtivismo","1","Intermediário","1","T2",9,"2027-02-22","1ª e 2ª","certo_errado;flashcard","POL-01-06","Alexander Wendt, Social Theory of International Politics","7"
"POL-01-08","Política Internacional","1","Fundamentos de Relações Internacionais","Checkpoint","8","Checkpoint do módulo 1","Verificar o domínio da teoria de RI","técnica","Intermediário","1","T2",11,"2027-03-22","1ª e 2ª","certo_errado;multipla_escolha","POL-01-07","","10"
"POL-02-09","Política Internacional","2","Política externa brasileira desde 1945","Política externa brasileira 1945-1964","9","Alinhamento e autonomia no pós-guerra","Descrever o alinhamento do pós-guerra e seus limites","2","Básico","1","T2",12,"2027-04-05","1ª e 2ª","ordenar;certo_errado","","Amado Cervo e Clodoaldo Bueno, História da Política Exterior do Brasil","6"
"POL-02-10","Política Internacional","2","Política externa brasileira desde 1945","Política externa brasileira 1945-1964","10","Política Externa Independente","Explicar os princípios da Política Externa Independente","2","Intermediário","1","T2",13,"2027-04-19","1ª e 2ª","certo_errado;resposta_curta","POL-02-09","","7"
"POL-02-11","Política Internacional","2","Política externa brasileira desde 1945","Política externa brasileira 1964-1985","11","Governos militares e pragmatismo","Distinguir o alinhamento de 1964 do pragmatismo responsável","2","Intermediário","1","T3",14,"2027-05-03","1ª e 2ª","associar;certo_errado","POL-02-10","","7"
"POL-02-12","Política Internacional","2","Política externa brasileira desde 1945","Política externa brasileira 1985-2002","12","Redemocratização e inserção internacional","Analisar a política externa da redemocratização","2","Intermediário","1","T3",15,"2027-05-17","1ª e 2ª","certo_errado;resposta_curta","POL-02-11","","7"
"POL-02-13","Política Internacional","2","Política externa brasileira desde 1945","Política externa brasileira 1985-2002","13","Anos 1990: autonomia pela participação","Explicar a diplomacia dos anos 1990","2","Intermediário","1","T3",16,"2027-05-31","1ª e 2ª","certo_errado;flashcard","POL-02-12","Tullo Vigevani e Gabriel Cepaluni, A Política Externa Brasileira: a busca da autonomia","7"
"POL-02-14","Política Internacional","2","Política externa brasileira desde 1945","Política externa brasileira desde 2003","14","Política externa desde 2003","Comparar as orientações da política externa desde 2003","2","Avançado","1","T4",20,"2027-07-26","1ª e 2ª","certo_errado;resposta_curta","POL-02-13","","9"
"POL-02-15","Política Internacional","2","Política externa brasileira desde 1945","Vertentes e linhas de ação","15","Vertentes e paradigmas da política externa","Identificar as vertentes interpretativas da política externa","2","Avançado","1","T4",21,"2027-08-09","1ª e 2ª","associar;certo_errado","POL-02-14","Celso Lafer, A Identidade Internacional do Brasil e a Política Externa Brasileira","9"
"POL-02-16","Política Internacional","2","Política externa brasileira desde 1945","Checkpoint","16","Checkpoint do módulo 2","Verificar o domínio da política externa desde 1945","técnica","Intermediário","1","T4",22,"2027-08-23","1ª e 2ª","certo_errado;multipla_escolha;ordenar","POL-02-15","","10"
"POL-03-17","Política Internacional","3","O Brasil e a América do Sul","Integração na América do Sul","17","Regionalismo e integração sul-americana","Explicar as etapas da integração sul-americana","3.1","Básico","1","T3",17,"2027-06-14","1ª e 2ª","certo_errado;ordenar","","","6"
"POL-03-18","Política Internacional","3","O Brasil e a América do Sul","O MERCOSUL","18","Origens do MERCOSUL no Cone Sul","Narrar a origem do MERCOSUL no Cone Sul","3.2","Básico","1","T3",18,"2027-06-28","1ª e 2ª","ordenar;certo_errado","POL-03-17","","6"
"POL-03-19","Política Internacional","3","O Brasil e a América do Sul","O MERCOSUL","19","Objetivos e características do MERCOSUL","Descrever objetivos e estrutura institucional do MERCOSUL","3.3","Básico","1","T3",18,"2027-06-28","1ª e 2ª","certo_errado;flashcard","POL-03-18","","6"
"POL-03-20","Política Internacional","3","O Brasil e a América do Sul","Argentina","20","Argentina: política externa e relação com o Brasil","Analisar a relação bilateral Brasil-Argentina","4","Intermediário","1","T4",23,"2027-09-06","1ª e 2ª","certo_errado;resposta_curta","POL-03-19","","7"
"POL-03-21","Política Internacional","3","O Brasil e a América do Sul","O MERCOSUL","21","Estágio atual de integração do MERCOSUL","Avaliar o estágio atual do MERCOSUL","3.3","Avançado","2","T6",33,"2028-01-24","1ª e 2ª","certo_errado;resposta_curta","POL-03-20","","9"
"POL-03-22","Política Internacional","3","O Brasil e a América do Sul","Iniciativas de integração na América do Sul","22","Integração física e energética","Descrever as iniciativas de integração física e energética","3.4","Intermediário","2","T6",34,"2028-02-07","1ª e 2ª","certo_errado;associar","POL-03-21","","7"
"POL-03-23","Política Internacional","3","O Brasil e a América do Sul","Iniciativas de integração na América do Sul","23","Integração política, econômica e de defesa","Analisar iniciativas de integração política, econômica e de defesa","3.4","Avançado","2","T6",34,"2028-02-07","1ª e 2ª","certo_errado;resposta_curta","POL-03-22","","9"
"POL-03-24","Política Internacional","3","O Brasil e a América do Sul","Hemisfério","24","Brasil e os demais países do hemisfério","Caracterizar as relações do Brasil com os vizinhos","5","Intermediário","2","T6",35,"2028-02-21","1ª e 2ª","associar;certo_errado","POL-03-23","","7"
"POL-03-25","Política Internacional","3","O Brasil e a América do Sul","Checkpoint","25","Checkpoint do módulo 3","Verificar o domínio da América do Sul e do MERCOSUL","técnica","Intermediário","2","T6",36,"2028-03-06","1ª e 2ª","certo_errado;multipla_escolha","POL-03-24","","10"
"POL-04-26","Política Internacional","4","Estados Unidos, União Europeia e Rússia","Estados Unidos","26","Política externa dos Estados Unidos desde a Guerra Fria","Analisar a política externa dos Estados Unidos desde 1945","6","Intermediário","2","T5",27,"2027-11-01","1ª e 2ª","ordenar;certo_errado","","Henry Kissinger, Diplomacia","7"
"POL-04-27","Política Internacional","4","Estados Unidos, União Europeia e Rússia","Estados Unidos","27","Estados Unidos: política externa e relações com o Brasil","Analisar a relação bilateral Brasil-Estados Unidos","6","Intermediário","2","T5",28,"2027-11-15","1ª e 2ª","certo_errado;resposta_curta","POL-04-26","","7"
"POL-04-28","Política Internacional","4","Estados Unidos, União Europeia e Rússia","União Europeia","28","Origens e evolução histórica da União Europeia","Ordenar as etapas da integração europeia","7","Básico","2","T5",28,"2027-11-15","1ª e 2ª","ordenar;certo_errado","POL-04-27","","6"
"POL-04-29","Política Internacional","4","Estados Unidos, União Europeia e Rússia","União Europeia","29","Estrutura e funcionamento da União Europeia","Descrever as instituições e o processo decisório da União Europeia","7","Intermediário","2","T5",29,"2027-11-29","1ª e 2ª","associar;certo_errado","POL-04-28","","7"
"POL-04-30","Política Internacional","4","Estados Unidos, União Europeia e Rússia","Rússia","30","Rússia: política externa e relações com o Brasil","Resumir a política externa russa pós-soviética","8","Intermediário","2","T5",30,"2027-12-13","1ª e 2ª","certo_errado;flashcard","POL-04-29","","7"
"POL-04-31","Política Internacional","4","Estados Unidos, União Europeia e Rússia","União Europeia","31","Situação atual, política externa e relações com o Brasil","Avaliar a situação atual e as relações da União Europeia com o Brasil","7","Avançado","2","T6",36,"2028-03-06","1ª e 2ª","certo_errado;resposta_curta","POL-04-30","","9"
"POL-04-32","Política Internacional","4","Estados Unidos, União Europeia e Rússia","Checkpoint","32","Checkpoint do módulo 4","Verificar o domínio de EUA, União Europeia e Rússia","técnica","Intermediário","2","T6",37,"2028-03-20","1ª e 2ª","certo_errado;multipla_escolha","POL-04-31","","10"
"POL-05-33","Política Internacional","5","África, Ásia, Oriente Médio e CPLP","África","33","Política externa africana e relações Brasil-África","Descrever a política externa africana e as relações com o Brasil","9","Intermediário","2","T7",40,"2028-05-01","1ª e 2ª","certo_errado;resposta_curta","","","7"
"POL-05-34","Política Internacional","5","África, Ásia, Oriente Médio e CPLP","Ásia","34","China: política externa","Resumir a política externa chinesa","10.1","Intermediário","2","T7",41,"2028-05-15","1ª e 2ª","certo_errado;flashcard","POL-05-33","","7"
"POL-05-35","Política Internacional","5","África, Ásia, Oriente Médio e CPLP","Ásia","35","Relações Brasil-China","Analisar as relações Brasil-China","10.1","Intermediário","2","T7",41,"2028-05-15","1ª e 2ª","certo_errado;resposta_curta","POL-05-34","","7"
"POL-05-36","Política Internacional","5","África, Ásia, Oriente Médio e CPLP","Ásia","36","Índia e Japão: políticas externas e relações com o Brasil","Descrever a política externa indiana e as relações com o Brasil","10.1","Intermediário","2","T7",42,"2028-05-29","1ª e 2ª","certo_errado;flashcard","POL-05-35","","7"
"POL-05-37","Política Internacional","5","África, Ásia, Oriente Médio e CPLP","Oriente Médio","37","A questão israelopalestina: origens","Narrar as origens da questão israelopalestina","11.1","Básico","2","T7",43,"2028-06-12","1ª e 2ª","ordenar;certo_errado","POL-05-36","","6"
"POL-05-38","Política Internacional","5","África, Ásia, Oriente Médio e CPLP","Oriente Médio","38","A questão israelopalestina: processo de paz e impasses","Analisar o processo de paz e seus impasses","11.1","Avançado","2","T8",46,"2028-07-24","1ª e 2ª","certo_errado;resposta_curta","POL-05-37","","9"
"POL-05-39","Política Internacional","5","África, Ásia, Oriente Médio e CPLP","Oriente Médio","39","Síria e Iraque","Descrever as situações nacionais de Síria e Iraque","11.2","Intermediário","2","T8",47,"2028-08-07","1ª e 2ª","certo_errado;flashcard","POL-05-38","","7"
"POL-05-40","Política Internacional","5","África, Ásia, Oriente Médio e CPLP","Oriente Médio","40","Irã e outras situações nacionais relevantes","Descrever a situação do Irã e de outros países relevantes","11.2","Intermediário","2","T8",47,"2028-08-07","1ª e 2ª","certo_errado;associar","POL-05-39","","7"
"POL-05-41","Política Internacional","5","África, Ásia, Oriente Médio e CPLP","CPLP","41","A Comunidade dos Países de Língua Portuguesa","Descrever origem, objetivos e atuação da CPLP","12","Intermediário","2","T8",48,"2028-08-21","1ª e 2ª","certo_errado;flashcard","POL-05-40","","7"
"POL-05-42","Política Internacional","5","África, Ásia, Oriente Médio e CPLP","Checkpoint","42","Checkpoint do módulo 5","Verificar o domínio de África, Ásia, Oriente Médio e CPLP","técnica","Intermediário","2","T8",49,"2028-09-04","1ª e 2ª","certo_errado;multipla_escolha","POL-05-41","","10"
"POL-06-43","Política Internacional","6","Agenda multilateral: ONU, desenvolvimento e espaços comuns","ONU e multilateralismo","43","ONU: origem, estrutura e funcionamento","Descrever a estrutura e o funcionamento da ONU","13.1","Básico","1","T3",19,"2027-07-12","1ª e 2ª","certo_errado;associar","","","6"
"POL-06-44","Política Internacional","6","Agenda multilateral: ONU, desenvolvimento e espaços comuns","Desenvolvimento, pobreza e fome","44","Desenvolvimento e desenvolvimento sustentável","Distinguir desenvolvimento e desenvolvimento sustentável","13.2","Básico","1","T4",24,"2027-09-20","1ª e 2ª","certo_errado;flashcard","POL-06-43","","6"
"POL-06-45","Política Internacional","6","Agenda multilateral: ONU, desenvolvimento e espaços comuns","ONU e multilateralismo","45","Reforma das Nações Unidas","Avaliar as propostas de reforma da ONU","13.14","Avançado","3","T9",53,"2028-10-30","1ª e 2ª","certo_errado;resposta_curta","POL-06-44","","9"
"POL-06-46","Política Internacional","6","Agenda multilateral: ONU, desenvolvimento e espaços comuns","ONU e multilateralismo","46","Operações de paz das Nações Unidas","Explicar as operações de paz e a participação do Brasil","13.15","Intermediário","3","T9",53,"2028-10-30","1ª e 2ª","certo_errado;resposta_curta","POL-06-45","","7"
"POL-06-47","Política Internacional","6","Agenda multilateral: ONU, desenvolvimento e espaços comuns","Desenvolvimento, pobreza e fome","47","Pobreza, insegurança alimentar e fome","Analisar pobreza, insegurança alimentar e fome","13.3","Intermediário","3","T9",53,"2028-10-30","1ª e 2ª","certo_errado;resposta_curta","POL-06-46","","7"
"POL-06-48","Política Internacional","6","Agenda multilateral: ONU, desenvolvimento e espaços comuns","Meio ambiente, mar, espaço e Antártida","48","Meio ambiente na agenda internacional","Ordenar os marcos da agenda ambiental internacional","13.4","Intermediário","3","T9",54,"2028-11-13","1ª e 2ª","ordenar;certo_errado","POL-06-47","","7"
"POL-06-49","Política Internacional","6","Agenda multilateral: ONU, desenvolvimento e espaços comuns","Meio ambiente, mar, espaço e Antártida","49","Direito do mar e espaços marítimos","Descrever o regime jurídico do mar e a Amazônia Azul","13.5","Intermediário","3","T9",54,"2028-11-13","1ª e 2ª","certo_errado;associar","POL-06-48","","7"
"POL-06-50","Política Internacional","6","Agenda multilateral: ONU, desenvolvimento e espaços comuns","Meio ambiente, mar, espaço e Antártida","50","Antártida e Sistema do Tratado da Antártida","Explicar o Sistema do Tratado da Antártida e o Brasil","13.5","Intermediário","3","T9",55,"2028-11-27","1ª e 2ª","certo_errado;flashcard","POL-06-49","","7"
"POL-06-51","Política Internacional","6","Agenda multilateral: ONU, desenvolvimento e espaços comuns","Checkpoint","51","Checkpoint do módulo 6","Verificar o domínio de ONU, desenvolvimento e espaços comuns","técnica","Intermediário","3","T9",55,"2028-11-27","1ª e 2ª","certo_errado;multipla_escolha","POL-06-50","","10"
"POL-07-52","Política Internacional","7","Agenda temática: direitos humanos, comércio, segurança e crime","Direitos humanos e identidade","52","Direitos humanos no sistema internacional","Descrever o sistema internacional de proteção dos direitos humanos","13.6","Básico","1","T4",25,"2027-10-04","1ª e 2ª","certo_errado;flashcard","","","6"
"POL-07-53","Política Internacional","7","Agenda temática: direitos humanos, comércio, segurança e crime","Migrações internacionais","53","Migrantes, refugiados e apátridas","Distinguir migrantes, refugiados e apátridas","13.7","Básico","1","T4",26,"2027-10-18","1ª e 2ª","associar;certo_errado","POL-07-52","","6"
"POL-07-54","Política Internacional","7","Agenda temática: direitos humanos, comércio, segurança e crime","Comércio e finanças","54","Comércio internacional e OMC","Explicar o funcionamento da OMC","13.8","Intermediário","2","T5",30,"2027-12-13","1ª e 2ª","certo_errado;flashcard","POL-07-53","","7"
"POL-07-55","Política Internacional","7","Agenda temática: direitos humanos, comércio, segurança e crime","Comércio e finanças","55","Sistema financeiro internacional","Descrever Bretton Woods, FMI e Banco Mundial","13.9","Intermediário","2","T5",31,"2027-12-27","1ª e 2ª","ordenar;certo_errado","POL-07-54","","7"
"POL-07-56","Política Internacional","7","Agenda temática: direitos humanos, comércio, segurança e crime","Segurança e crimes internacionais","56","Desarmamento e não proliferação","Descrever o regime de desarmamento e não proliferação","13.10","Intermediário","2","T5",32,"2028-01-10","1ª e 2ª","certo_errado;associar","POL-07-55","","7"
"POL-07-57","Política Internacional","7","Agenda temática: direitos humanos, comércio, segurança e crime","Segurança e crimes internacionais","57","Crimes de guerra e crimes contra a humanidade","Distinguir crimes de guerra, contra a humanidade e genocídio","13.11","Intermediário","2","T5",32,"2028-01-10","1ª e 2ª","certo_errado;associar","POL-07-56","","7"
"POL-07-58","Política Internacional","7","Agenda temática: direitos humanos, comércio, segurança e crime","Segurança e crimes internacionais","58","Terrorismo","Analisar o terrorismo e seu tratamento internacional","13.12","Intermediário","2","T6",38,"2028-04-03","1ª e 2ª","certo_errado;resposta_curta","POL-07-57","","7"
"POL-07-59","Política Internacional","7","Agenda temática: direitos humanos, comércio, segurança e crime","Segurança e crimes internacionais","59","Narcotráfico e crime transnacional","Descrever o crime transnacional e o narcotráfico","13.13","Intermediário","2","T6",38,"2028-04-03","1ª e 2ª","certo_errado;flashcard","POL-07-58","","7"
"POL-07-60","Política Internacional","7","Agenda temática: direitos humanos, comércio, segurança e crime","Direitos humanos e identidade","60","Gênero, raça e religião na política mundial","Analisar gênero, raça e religião como vetores da política mundial","13.6","Intermediário","3","T10",57,"2028-12-25","1ª e 2ª","certo_errado;resposta_curta","POL-07-59","","7"
"POL-07-61","Política Internacional","7","Agenda temática: direitos humanos, comércio, segurança e crime","Comércio e finanças","61","Cadeias globais de suprimento","Analisar as cadeias globais de suprimento","13.8","Avançado","3","T10",57,"2028-12-25","1ª e 2ª","certo_errado;resposta_curta","POL-07-60","","9"
"POL-07-62","Política Internacional","7","Agenda temática: direitos humanos, comércio, segurança e crime","Segurança e crimes internacionais","62","Tribunal Penal Internacional","Explicar o funcionamento do Tribunal Penal Internacional","13.11","Intermediário","3","T10",58,"2029-01-08","1ª e 2ª","certo_errado;resposta_curta","POL-07-61","","7"
"POL-07-63","Política Internacional","7","Agenda temática: direitos humanos, comércio, segurança e crime","Segurança e crimes internacionais","63","Crimes cibernéticos de alcance global","Descrever a governança dos crimes cibernéticos","13.13","Avançado","3","T10",58,"2029-01-08","1ª e 2ª","certo_errado;resposta_curta","POL-07-62","","9"
"POL-07-64","Política Internacional","7","Agenda temática: direitos humanos, comércio, segurança e crime","Checkpoint","64","Checkpoint do módulo 7","Verificar o domínio da agenda temática","técnica","Intermediário","3","T10",59,"2029-01-22","1ª e 2ª","certo_errado;multipla_escolha","POL-07-63","","10"
"POL-08-65","Política Internacional","8","Sistema interamericano, coalizões e cooperação","Sistema interamericano","65","O sistema interamericano e a OEA","Descrever a OEA, suas carta e instituições e o papel do Brasil","14;14.1","Intermediário","2","T7",43,"2028-06-12","1ª e 2ª","certo_errado;associar","","","7"
"POL-08-66","Política Internacional","8","Sistema interamericano, coalizões e cooperação","Comércio, coalizões e cooperação","66","Blocos econômicos, acordos comerciais e promoção comercial","Analisar a negociação de acordos comerciais e a promoção comercial","15","Intermediário","2","T7",44,"2028-06-26","1ª e 2ª","certo_errado;resposta_curta","POL-08-65","","7"
"POL-08-67","Política Internacional","8","Sistema interamericano, coalizões e cooperação","Segurança","67","A dimensão da segurança na política exterior","Explicar a dimensão da segurança na política exterior brasileira","16","Intermediário","2","T7",45,"2028-07-10","1ª e 2ª","certo_errado;resposta_curta","POL-08-66","","7"
"POL-08-68","Política Internacional","8","Sistema interamericano, coalizões e cooperação","Comércio, coalizões e cooperação","68","Coalizões: G-20 e IBAS","Distinguir as coalizões G-20 e IBAS","17","Intermediário","2","T8",50,"2028-09-18","1ª e 2ª","associar;certo_errado","POL-08-67","","7"
"POL-08-69","Política Internacional","8","Sistema interamericano, coalizões e cooperação","Comércio, coalizões e cooperação","69","BRICS","Analisar a evolução e a agenda do BRICS","17","Avançado","2","T8",51,"2028-10-02","1ª e 2ª","certo_errado;resposta_curta","POL-08-68","","9"
"POL-08-70","Política Internacional","8","Sistema interamericano, coalizões e cooperação","Comércio, coalizões e cooperação","70","Cooperação Sul-Sul","Descrever a cooperação Sul-Sul brasileira","18","Intermediário","2","T8",51,"2028-10-02","1ª e 2ª","certo_errado;flashcard","POL-08-69","","7"
"POL-08-71","Política Internacional","8","Sistema interamericano, coalizões e cooperação","Saúde","71","Cooperação e diplomacia da saúde","Explicar a diplomacia da saúde e a atuação da OMS","19","Intermediário","3","T9",55,"2028-11-27","1ª e 2ª","certo_errado;resposta_curta","POL-08-70","","7"
"POL-08-72","Política Internacional","8","Sistema interamericano, coalizões e cooperação","Checkpoint","72","Checkpoint do módulo 8","Verificar o domínio de sistema interamericano, coalizões e cooperação","técnica","Intermediário","3","T9",56,"2028-12-11","1ª e 2ª","certo_errado;multipla_escolha","POL-08-71","","10"
"POL-09-73","Política Internacional","9","Atualidades e política externa recente","Atualidades e política externa recente","73","Atualidades: política externa brasileira recente","Atualizar-se sobre a política externa brasileira recente","2","Avançado","3","T9",56,"2028-12-11","1ª e 2ª","certo_errado;resposta_curta","","","9"
"POL-09-74","Política Internacional","9","Atualidades e política externa recente","Atualidades e política externa recente","74","Atualidades: América do Sul e MERCOSUL","Atualizar-se sobre a América do Sul e o MERCOSUL","3","Avançado","3","T10",59,"2029-01-22","1ª e 2ª","certo_errado;resposta_curta","POL-09-73","","9"
"POL-09-75","Política Internacional","9","Atualidades e política externa recente","Atualidades e política externa recente","75","Atualidades: grandes potências e Oriente Médio","Atualizar-se sobre grandes potências e Oriente Médio","6;7;8;10;11","Avançado","3","T10",59,"2029-01-22","1ª e 2ª","certo_errado;resposta_curta","POL-09-74","","9"
"POL-09-76","Política Internacional","9","Atualidades e política externa recente","Atualidades e política externa recente","76","Atualidades: agenda multilateral e comércio","Atualizar-se sobre a agenda multilateral e o comércio","13","Avançado","3","T11",61,"2029-02-19","1ª e 2ª","certo_errado;resposta_curta","POL-09-75","","9"
"POL-10-77","Política Internacional","10","Treino discursivo e revisão final","Treino discursivo","77","Método da resposta discursiva em Política Internacional","Estruturar respostas discursivas de 40 e 60 linhas","técnica","Intermediário","2","T6",39,"2028-04-17","2ª","resumo;discursiva","","","10"
"POL-10-78","Política Internacional","10","Treino discursivo e revisão final","Treino discursivo","78","Discursiva: teoria e política externa","Redigir resposta integrando teoria de RI e política externa","1;2","Avançado","2","T7",45,"2028-07-10","2ª","discursiva","POL-10-77","","10"
"POL-10-79","Política Internacional","10","Treino discursivo e revisão final","Treino discursivo","79","Discursiva: integração regional","Redigir resposta sobre América do Sul e MERCOSUL","3","Avançado","2","T8",52,"2028-10-16","2ª","discursiva","POL-10-78","","10"
"POL-10-80","Política Internacional","10","Treino discursivo e revisão final","Treino discursivo","80","Discursiva: parcerias estratégicas","Redigir resposta sobre parcerias do Brasil com grandes países","6;7;8;9;10","Avançado","3","T9",56,"2028-12-11","2ª","discursiva","POL-10-79","","10"
"POL-10-81","Política Internacional","10","Treino discursivo e revisão final","Treino discursivo","81","Discursiva: agenda global","Redigir resposta sobre temas da agenda internacional","13","Avançado","3","T10",60,"2029-02-05","2ª","discursiva","POL-10-80","","10"
"POL-10-82","Política Internacional","10","Treino discursivo e revisão final","Revisão final","82","Simulado de Certo/Errado de Política Internacional","Praticar itens Certo/Errado em ritmo de prova","técnica","Avançado","3","T10",60,"2029-02-05","1ª","certo_errado","POL-10-81","","10"
"POL-10-83","Política Internacional","10","Treino discursivo e revisão final","Revisão final","83","Simulado discursivo de Política Internacional","Simular a prova discursiva de Política Internacional","técnica","Avançado","3","T11",63,"2029-03-19","2ª","discursiva","POL-10-82","","10"
"ECO-01-01","Economia","1","Base matemática e leitura de gráficos","Álgebra aplicada à economia","1","Funções, equações e sistemas lineares","Resolver equações e sistemas lineares usados em curvas de oferta e demanda","técnica","Básico","1","T1",1,"2026-11-02","1ª e 2ª","lacuna;resposta_curta;multipla_escolha","","Chiang; Wainwright, Matemática para Economistas","7"
"ECO-01-02","Economia","1","Base matemática e leitura de gráficos","Álgebra aplicada à economia","2","Gráficos econômicos: eixos, inclinação e deslocamentos","Interpretar inclinação, intercepto e deslocamentos de curvas em gráficos econômicos","técnica","Básico","1","T1",1,"2026-11-02","1ª e 2ª","associar;certo_errado;multipla_escolha","ECO-01-01","","7"
"ECO-01-03","Economia","1","Base matemática e leitura de gráficos","Álgebra aplicada à economia","3","Variações percentuais, juros compostos e taxa real","Calcular variações percentuais, taxas compostas e a taxa de juros real","técnica","Básico","1","T1",2,"2026-11-16","1ª e 2ª","lacuna;resposta_curta;multipla_escolha","ECO-01-02","","7"
"ECO-01-04","Economia","1","Base matemática e leitura de gráficos","Cálculo para economia","4","Derivadas e otimização: noções para economia","Aplicar derivadas simples ao cálculo de valores marginais e à otimização","técnica","Básico","1","T1",3,"2026-11-30","1ª e 2ª","resposta_curta;multipla_escolha;lacuna","ECO-01-03","Chiang; Wainwright, Matemática para Economistas","8"
"ECO-01-05","Economia","1","Base matemática e leitura de gráficos","Checkpoint","5","Checkpoint do módulo 1","Verificar o domínio dos conteúdos do módulo: Base matemática e leitura de gráficos","técnica","Básico","1","T1",3,"2026-11-30","1ª e 2ª","certo_errado;multipla_escolha;resposta_curta","ECO-01-04","","10"
"ECO-02-06","Economia","2","Microeconomia: demanda do consumidor","Teoria do consumidor","6","Preferências e restrição orçamentária","Representar preferências por curvas de indiferença e a restrição orçamentária","1.1.1","Básico","1","T1",4,"2026-12-14","1ª e 2ª","certo_errado;associar;flashcard","ECO-01-05","Varian, Microeconomia: Princípios Básicos","8"
"ECO-02-07","Economia","2","Microeconomia: demanda do consumidor","Teoria do consumidor","7","Equilíbrio do consumidor","Determinar a cesta ótima do consumidor no ponto de tangência entre indiferença e orçamento","1.1.2","Básico","1","T1",4,"2026-12-14","1ª e 2ª","multipla_escolha;ordenar;resposta_curta","ECO-02-06","Varian, Microeconomia: Princípios Básicos","8"
"ECO-02-08","Economia","2","Microeconomia: demanda do consumidor","Demanda","8","Curva de demanda e seus deslocamentos","Distinguir movimentos ao longo da curva de demanda de deslocamentos da própria curva","1.1.3","Básico","1","T1",5,"2026-12-28","1ª e 2ª","certo_errado;associar;flashcard","ECO-02-07","Mankiw, Introdução à Economia","8"
"ECO-02-09","Economia","2","Microeconomia: demanda do consumidor","Demanda","9","Elasticidade-preço e elasticidade-renda da demanda","Calcular e interpretar as elasticidades-preço e renda da demanda","1.1.4","Intermediário","1","T1",6,"2027-01-11","1ª e 2ª","lacuna;multipla_escolha;certo_errado","ECO-02-08","Mankiw, Introdução à Economia","8"
"ECO-02-10","Economia","2","Microeconomia: demanda do consumidor","Checkpoint","10","Checkpoint do módulo 2","Verificar o domínio dos conteúdos do módulo: Microeconomia: demanda do consumidor","técnica","Intermediário","1","T1",6,"2027-01-11","1ª e 2ª","certo_errado;multipla_escolha;resposta_curta","ECO-02-09","","10"
"ECO-03-11","Economia","3","Microeconomia: oferta do produtor","Produção","11","Fatores de produção e função de produção","Descrever fatores de produção e a função de produção com produtividade marginal decrescente","1.2.1, 1.2.2","Básico","1","T2",7,"2027-01-25","1ª e 2ª","certo_errado;flashcard;associar","ECO-02-10","Mankiw, Introdução à Economia","8"
"ECO-03-12","Economia","3","Microeconomia: oferta do produtor","Oferta","12","Custos e curva de oferta do produtor","Relacionar custos marginais à curva de oferta de curto prazo da firma","1.2","Intermediário","1","T2",7,"2027-01-25","1ª e 2ª","multipla_escolha;certo_errado;lacuna","ECO-03-11","Varian, Microeconomia: Princípios Básicos","8"
"ECO-03-13","Economia","3","Microeconomia: oferta do produtor","Oferta","13","Elasticidade-preço da oferta","Calcular e interpretar a elasticidade-preço da oferta","1.2.3","Básico","1","T2",8,"2027-02-08","1ª e 2ª","lacuna;multipla_escolha;certo_errado","ECO-03-12","Mankiw, Introdução à Economia","8"
"ECO-03-14","Economia","3","Microeconomia: oferta do produtor","Checkpoint","14","Checkpoint do módulo 3","Verificar o domínio dos conteúdos do módulo: Microeconomia: oferta do produtor","técnica","Básico","1","T2",9,"2027-02-22","1ª e 2ª","certo_errado;multipla_escolha;resposta_curta","ECO-03-13","","10"
"ECO-04-15","Economia","4","Microeconomia: mercados, tipos de bens e externalidades","Estruturas de mercado","15","Concorrência perfeita e equilíbrio de mercado","Determinar preço e quantidade de equilíbrio em concorrência perfeita","1.3.1, 1.3.2","Básico","1","T2",9,"2027-02-22","1ª e 2ª","certo_errado;multipla_escolha;resposta_curta","ECO-03-14","Mankiw, Introdução à Economia","8"
"ECO-04-16","Economia","4","Microeconomia: mercados, tipos de bens e externalidades","Estruturas de mercado","16","Monopólio e oligopólio","Comparar monopólio e oligopólio quanto a poder de mercado, preço e eficiência","1.3.1","Intermediário","1","T2",10,"2027-03-08","1ª e 2ª","associar;certo_errado;flashcard","ECO-04-15","Varian, Microeconomia: Princípios Básicos","8"
"ECO-04-17","Economia","4","Microeconomia: mercados, tipos de bens e externalidades","Estruturas de mercado","17","Excedentes, tetos e pisos de preço","Avaliar os efeitos de tetos e pisos de preço sobre o equilíbrio e os excedentes","1.3.2","Intermediário","1","T2",11,"2027-03-22","1ª e 2ª","certo_errado;multipla_escolha;resposta_curta","ECO-04-16","Mankiw, Introdução à Economia","8"
"ECO-04-18","Economia","4","Microeconomia: mercados, tipos de bens e externalidades","Bens e falhas de mercado","18","Tipos de bens","Classificar bens (normais, inferiores, substitutos e complementares) pela resposta a preço e renda","1.3.3","Básico","1","T2",11,"2027-03-22","1ª e 2ª","associar;certo_errado;flashcard","ECO-04-17","Mankiw, Introdução à Economia","8"
"ECO-04-19","Economia","4","Microeconomia: mercados, tipos de bens e externalidades","Bens e falhas de mercado","19","Bens públicos, bens rivais, recursos comuns e bens comuns","Classificar bens segundo os critérios de rivalidade e excludibilidade","1.3.4, 1.3.5, 1.3.6","Intermediário","1","T2",12,"2027-04-05","1ª e 2ª","associar;certo_errado;flashcard","ECO-04-18","Mankiw, Introdução à Economia","8"
"ECO-04-20","Economia","4","Microeconomia: mercados, tipos de bens e externalidades","Bens e falhas de mercado","20","Externalidades","Analisar externalidades e instrumentos de correção, como impostos pigouvianos e negociação coaseana","1.3.7","Intermediário","1","T2",13,"2027-04-19","1ª e 2ª","certo_errado;multipla_escolha;resposta_curta","ECO-04-19","Mankiw, Introdução à Economia","8"
"ECO-04-21","Economia","4","Microeconomia: mercados, tipos de bens e externalidades","Checkpoint","21","Checkpoint do módulo 4","Verificar o domínio dos conteúdos do módulo: Microeconomia: mercados, tipos de bens e externalidades","técnica","Intermediário","1","T2",13,"2027-04-19","1ª e 2ª","certo_errado;multipla_escolha;resposta_curta","ECO-04-20","","10"
"ECO-05-22","Economia","5","Macroeconomia: contabilidade nacional e determinação da renda","Renda e produto","22","Conceitos de renda e produto","Diferenciar PIB, PNB, renda nacional e produto nominal e real","2.1.1","Básico","1","T3",14,"2027-05-03","1ª e 2ª","associar;certo_errado;lacuna","ECO-04-21","Blanchard, Macroeconomia","8"
"ECO-05-23","Economia","5","Macroeconomia: contabilidade nacional e determinação da renda","Renda e produto","23","Identidades básicas das contas nacionais","Aplicar as identidades das contas nacionais, incluindo a relação entre poupança e investimento","2.1.4","Intermediário","1","T3",15,"2027-05-17","1ª e 2ª","lacuna;resposta_curta;multipla_escolha","ECO-05-22","Blanchard, Macroeconomia","8"
"ECO-05-24","Economia","5","Macroeconomia: contabilidade nacional e determinação da renda","Determinação da renda","24","Teorias clássica e keynesiana de determinação da renda","Contrastar as visões clássica e keynesiana sobre a determinação da renda","2.1.2","Intermediário","1","T3",15,"2027-05-17","1ª e 2ª","certo_errado;associar;resposta_curta","ECO-05-23","Dornbusch; Fischer; Startz, Macroeconomia","8"
"ECO-05-25","Economia","5","Macroeconomia: contabilidade nacional e determinação da renda","Determinação da renda","25","Oferta e demanda agregadas","Interpretar choques de oferta e de demanda agregadas no modelo OA-DA","2.1.3","Intermediário","1","T3",16,"2027-05-31","1ª e 2ª","certo_errado;multipla_escolha;ordenar","ECO-05-24","Blanchard, Macroeconomia","8"
"ECO-05-26","Economia","5","Macroeconomia: contabilidade nacional e determinação da renda","Checkpoint","26","Checkpoint do módulo 5","Verificar o domínio dos conteúdos do módulo: Macroeconomia: contabilidade nacional e determinação da renda","técnica","Intermediário","1","T3",17,"2027-06-14","1ª e 2ª","certo_errado;multipla_escolha;resposta_curta","ECO-05-25","","10"
"ECO-06-27","Economia","6","Contas externas e balanço de pagamentos","Balanço de pagamentos","27","Déficit e superávit nas contas externas","Interpretar déficit e superávit nas contas externas e sua relação com poupança e investimento","2.2.1","Básico","1","T3",17,"2027-06-14","1ª e 2ª","certo_errado;lacuna;multipla_escolha","ECO-05-26","Blanchard, Macroeconomia","8"
"ECO-06-28","Economia","6","Contas externas e balanço de pagamentos","Balanço de pagamentos","28","Balanço de pagamentos: transações correntes, conta capital e conta financeira","Classificar lançamentos nas contas de transações correntes, de capital e financeira","2.2.2","Intermediário","1","T3",18,"2027-06-28","1ª e 2ª","associar;ordenar;certo_errado","ECO-06-27","FMI, Manual de Balanço de Pagamentos e Posição Internacional de Investimento (BPM6)","8"
"ECO-06-29","Economia","6","Contas externas e balanço de pagamentos","Balanço de pagamentos","29","Indicadores de liquidez e solvência externa","Calcular e interpretar indicadores de liquidez e de solvência externa","2.2.3, 2.2.4","Intermediário","1","T3",19,"2027-07-12","1ª e 2ª","lacuna;certo_errado;multipla_escolha","ECO-06-28","","8"
"ECO-06-30","Economia","6","Contas externas e balanço de pagamentos","Checkpoint","30","Checkpoint do módulo 6","Verificar o domínio dos conteúdos do módulo: Contas externas e balanço de pagamentos","técnica","Intermediário","1","T3",19,"2027-07-12","1ª e 2ª","certo_errado;multipla_escolha;resposta_curta","ECO-06-29","","10"
"ECO-07-31","Economia","7","Economia do setor público e política fiscal","Fiscal","31","Papel do governo, gastos, receitas e orçamento","Descrever o papel do governo, as categorias de receitas e gastos e a política orçamentária","2.3.1, 2.3.2, 2.3.6","Básico","1","T4",20,"2027-07-26","1ª e 2ª","associar;certo_errado;flashcard","ECO-06-30","Giambiagi; Além, Finanças Públicas: Teoria e Prática no Brasil","8"
"ECO-07-32","Economia","7","Economia do setor público e política fiscal","Fiscal","32","Déficit, superávit, endividamento e responsabilidade fiscal","Distinguir conceitos de déficit e superávit público e relacioná-los à dívida e à responsabilidade fiscal","2.3.3, 2.3.5","Intermediário","1","T4",21,"2027-08-09","1ª e 2ª","lacuna;resposta_curta;multipla_escolha","ECO-07-31","Giambiagi; Além, Finanças Públicas: Teoria e Prática no Brasil","8"
"ECO-07-33","Economia","7","Economia do setor público e política fiscal","Fiscal","33","Abordagem ricardiana e efeitos fiscais sobre a política monetária","Explicar a equivalência ricardiana da dívida e a interação entre políticas fiscal e monetária","2.3.4, 2.3.8","Avançado","1","T4",21,"2027-08-09","1ª e 2ª","certo_errado;resposta_curta;flashcard","ECO-07-32","Blanchard, Macroeconomia","8"
"ECO-07-34","Economia","7","Economia do setor público e política fiscal","Fiscal","34","Objetivos e instrumentos fiscais; consumo, investimento, poupança e gasto do governo","Relacionar instrumentos de política fiscal a consumo, investimento, poupança e gasto do governo","2.3.7, 2.3.9","Intermediário","1","T4",22,"2027-08-23","1ª e 2ª","certo_errado;multipla_escolha;associar","ECO-07-33","Giambiagi; Além, Finanças Públicas: Teoria e Prática no Brasil","8"
"ECO-07-35","Economia","7","Economia do setor público e política fiscal","Checkpoint","35","Checkpoint do módulo 7","Verificar o domínio dos conteúdos do módulo: Economia do setor público e política fiscal","técnica","Intermediário","1","T4",23,"2027-09-06","1ª e 2ª","certo_errado;multipla_escolha;resposta_curta","ECO-07-34","","10"
"ECO-08-36","Economia","8","Moeda, inflação e teoria quantitativa","Moeda","36","Funções da moeda, criação e controle da oferta de moeda","Descrever as funções da moeda e o processo de criação e controle da oferta monetária","2.5.1, 2.5.2, 2.5.3","Básico","1","T4",24,"2027-09-20","1ª e 2ª","certo_errado;flashcard;lacuna","ECO-07-35","Carvalho et al., Economia Monetária e Financeira: Teoria e Política","8"
"ECO-08-37","Economia","8","Moeda, inflação e teoria quantitativa","Moeda","37","Procura de moeda","Explicar os determinantes da procura de moeda","2.5.4","Intermediário","1","T4",25,"2027-10-04","1ª e 2ª","certo_errado;multipla_escolha;resposta_curta","ECO-08-36","Dornbusch; Fischer; Startz, Macroeconomia","8"
"ECO-08-38","Economia","8","Moeda, inflação e teoria quantitativa","Inflação","38","Tipos de inflação, moeda e preços no longo prazo e Teoria Quantitativa","Diferenciar tipos de inflação e aplicar a Teoria Quantitativa da Moeda","2.5.5, 2.5.6, 2.5.7","Intermediário","1","T4",25,"2027-10-04","1ª e 2ª","associar;certo_errado;lacuna","ECO-08-37","Carvalho et al., Economia Monetária e Financeira: Teoria e Política","8"
"ECO-08-39","Economia","8","Moeda, inflação e teoria quantitativa","Checkpoint","39","Checkpoint do módulo 8","Verificar o domínio dos conteúdos do módulo: Moeda, inflação e teoria quantitativa","técnica","Intermediário","1","T4",26,"2027-10-18","1ª e 2ª","certo_errado;multipla_escolha;resposta_curta","ECO-08-38","","10"
"ECO-09-40","Economia","9","Modelo IS-LM-BP","IS-LM-BP","40","Curva IS: equilíbrio no mercado de bens","Derivar a curva IS e identificar o que a desloca","2.4","Intermediário","2","T5",27,"2027-11-01","1ª e 2ª","certo_errado;multipla_escolha;resposta_curta","ECO-08-39","Blanchard, Macroeconomia","8"
"ECO-09-41","Economia","9","Modelo IS-LM-BP","IS-LM-BP","41","Curva LM e equilíbrio IS-LM","Derivar a curva LM e determinar o equilíbrio simultâneo IS-LM","2.4","Intermediário","2","T5",28,"2027-11-15","1ª e 2ª","certo_errado;multipla_escolha;ordenar","ECO-09-40","Blanchard, Macroeconomia","8"
"ECO-09-42","Economia","9","Modelo IS-LM-BP","IS-LM-BP","42","IS-LM-BP: equilíbrio externo e efeitos das políticas","Comparar os efeitos das políticas fiscal e monetária no modelo IS-LM-BP sob diferentes regimes cambiais","2.4","Avançado","2","T5",28,"2027-11-15","1ª e 2ª","certo_errado;associar;resposta_curta","ECO-09-41","Dornbusch; Fischer; Startz, Macroeconomia","8"
"ECO-09-43","Economia","9","Modelo IS-LM-BP","Checkpoint","43","Checkpoint do módulo 9","Verificar o domínio dos conteúdos do módulo: Modelo IS-LM-BP","técnica","Avançado","2","T5",29,"2027-11-29","1ª e 2ª","certo_errado;multipla_escolha;resposta_curta","ECO-09-42","","10"
"ECO-10-44","Economia","10","Política monetária e regulação financeira","Política monetária","44","Papel do Banco Central, objetivos e instrumentos","Identificar o papel do Banco Central e os instrumentos de política monetária","2.6.1, 2.6.2","Intermediário","2","T5",30,"2027-12-13","1ª e 2ª","certo_errado;associar;flashcard","ECO-09-43","Carvalho et al., Economia Monetária e Financeira: Teoria e Política","8"
"ECO-10-45","Economia","10","Política monetária e regulação financeira","Política monetária","45","Inflação e taxa de juros","Relacionar taxa de juros e inflação, incluindo o regime de metas","2.6.3","Intermediário","2","T5",30,"2027-12-13","1ª e 2ª","certo_errado;multipla_escolha;resposta_curta","ECO-10-44","Blanchard, Macroeconomia","8"
"ECO-10-46","Economia","10","Política monetária e regulação financeira","Política monetária","46","Política monetária não convencional","Explicar instrumentos não convencionais de política monetária e seus canais de transmissão","2.6.4","Avançado","2","T5",31,"2027-12-27","1ª e 2ª","certo_errado;flashcard;resposta_curta","ECO-10-45","","8"
"ECO-10-47","Economia","10","Política monetária e regulação financeira","Regulação","47","Regulação e supervisão do sistema bancário, financeiro e do mercado de capitais","Descrever conceitos básicos de regulação e supervisão do sistema bancário, financeiro e do mercado de capitais","2.6.5","Intermediário","2","T5",32,"2028-01-10","1ª e 2ª","associar;certo_errado;flashcard","ECO-10-46","Carvalho et al., Economia Monetária e Financeira: Teoria e Política","8"
"ECO-10-48","Economia","10","Política monetária e regulação financeira","Checkpoint","48","Checkpoint do módulo 10","Verificar o domínio dos conteúdos do módulo: Política monetária e regulação financeira","técnica","Intermediário","2","T5",32,"2028-01-10","1ª e 2ª","certo_errado;multipla_escolha;resposta_curta","ECO-10-47","","10"
"ECO-11-49","Economia","11","Crescimento e desenvolvimento econômico","Crescimento","49","Teorias de crescimento econômico","Comparar as principais teorias de crescimento econômico","2.7.1","Intermediário","2","T6",33,"2028-01-24","1ª e 2ª","certo_errado;associar;flashcard","ECO-10-48","Jones, Introdução à Teoria do Crescimento Econômico","8"
"ECO-11-50","Economia","11","Crescimento e desenvolvimento econômico","Crescimento","50","Modelo de Solow","Aplicar o modelo de Solow à acumulação de capital e ao estado estacionário","2.7.2","Avançado","2","T6",33,"2028-01-24","1ª e 2ª","lacuna;certo_errado;resposta_curta","ECO-11-49","Jones, Introdução à Teoria do Crescimento Econômico","8"
"ECO-11-51","Economia","11","Crescimento e desenvolvimento econômico","Crescimento","51","Inovação e crescimento: modelo schumpeteriano","Explicar o papel da inovação no crescimento a partir da visão schumpeteriana","2.7.2","Avançado","2","T6",35,"2028-02-21","1ª e 2ª","certo_errado;resposta_curta;resumo","ECO-11-50","Jones, Introdução à Teoria do Crescimento Econômico","8"
"ECO-11-52","Economia","11","Crescimento e desenvolvimento econômico","Checkpoint","52","Checkpoint do módulo 11","Verificar o domínio dos conteúdos do módulo: Crescimento e desenvolvimento econômico","técnica","Avançado","2","T6",35,"2028-02-21","1ª e 2ª","certo_errado;multipla_escolha;resposta_curta","ECO-11-51","","10"
"ECO-12-53","Economia","12","Emprego e renda","Mercado de trabalho","53","Desemprego: conceito, tipos e nível de emprego","Classificar tipos de desemprego e explicar a determinação do nível de emprego","2.8.1, 2.8.2, 2.8.3","Intermediário","2","T6",35,"2028-02-21","1ª e 2ª","associar;certo_errado;flashcard","ECO-11-52","Blanchard, Macroeconomia","8"
"ECO-12-54","Economia","12","Emprego e renda","Mercado de trabalho","54","Indicadores do mercado de trabalho e Lei de Okun","Interpretar indicadores do mercado de trabalho e aplicar a Lei de Okun","2.8.4, 2.8.5","Intermediário","2","T6",36,"2028-03-06","1ª e 2ª","lacuna;resposta_curta;certo_errado","ECO-12-53","Blanchard, Macroeconomia","8"
"ECO-12-55","Economia","12","Emprego e renda","Checkpoint","55","Checkpoint do módulo 12","Verificar o domínio dos conteúdos do módulo: Emprego e renda","técnica","Intermediário","2","T6",37,"2028-03-20","1ª e 2ª","certo_errado;multipla_escolha;resposta_curta","ECO-12-54","","10"
"ECO-13-56","Economia","13","Teorias do comércio internacional","Teorias de comércio","56","Teorias clássicas e neoclássicas do comércio internacional","Explicar as teorias clássicas e neoclássicas do comércio internacional","3.1.1","Intermediário","2","T6",37,"2028-03-20","1ª e 2ª","associar;certo_errado;flashcard","ECO-12-55","Krugman; Obstfeld, Economia Internacional","8"
"ECO-13-57","Economia","13","Teorias do comércio internacional","Teorias de comércio","57","Teorias contemporâneas, comércio intrafirma e intra-setorial, escala e concorrência imperfeita","Relacionar economias de escala e concorrência imperfeita ao comércio intrafirma e intra-setorial","3.1.1, 3.1.2, 3.1.3","Avançado","2","T6",38,"2028-04-03","1ª e 2ª","certo_errado;associar;resposta_curta","ECO-13-56","Krugman; Obstfeld, Economia Internacional","8"
"ECO-13-58","Economia","13","Teorias do comércio internacional","Visão estruturalista","58","Prebisch, Cepal e deterioração dos termos de troca","Explicar a crítica de Prebisch e da Cepal e a tese da deterioração dos termos de troca","3.1.4, 3.1.5","Intermediário","2","T6",39,"2028-04-17","1ª e 2ª","certo_errado;resposta_curta;resumo","ECO-13-57","Prebisch, O Desenvolvimento Econômico da América Latina e Alguns de Seus Principais Problemas","8"
"ECO-13-59","Economia","13","Teorias do comércio internacional","Checkpoint","59","Checkpoint do módulo 13","Verificar o domínio dos conteúdos do módulo: Teorias do comércio internacional","técnica","Intermediário","2","T6",39,"2028-04-17","1ª e 2ª","certo_errado;multipla_escolha;resposta_curta","ECO-13-58","","10"
"ECO-14-60","Economia","14","Macroeconomia aberta","Macro aberta","60","Fluxos internacionais de bens, capitais e serviços","Descrever os fluxos internacionais de bens, capitais e serviços","3.2.1","Intermediário","2","T7",40,"2028-05-01","1ª e 2ª","certo_errado;associar;flashcard","ECO-13-59","Krugman; Obstfeld, Economia Internacional","8"
"ECO-14-61","Economia","14","Macroeconomia aberta","Macro aberta","61","Regimes de câmbio","Comparar regimes cambiais fixo, flutuante e intermediários","3.2.2","Intermediário","2","T7",40,"2028-05-01","1ª e 2ª","associar;certo_errado;multipla_escolha","ECO-14-60","Krugman; Obstfeld, Economia Internacional","8"
"ECO-14-62","Economia","14","Macroeconomia aberta","Macro aberta","62","Câmbio nominal e real; determinantes da política cambial","Calcular a taxa de câmbio real e identificar determinantes da política cambial","3.2.3, 3.2.4","Avançado","2","T7",41,"2028-05-15","1ª e 2ª","lacuna;resposta_curta;certo_errado","ECO-14-61","Krugman; Obstfeld, Economia Internacional","8"
"ECO-14-63","Economia","14","Macroeconomia aberta","Macro aberta","63","Poupança externa, crescimento e relação câmbio-juros-inflação","Analisar a relação entre poupança externa e crescimento e a transmissão entre câmbio, juros e inflação","3.2.5, 3.2.6","Avançado","2","T7",41,"2028-05-15","1ª e 2ª","certo_errado;resposta_curta;multipla_escolha","ECO-14-62","","8"
"ECO-14-64","Economia","14","Macroeconomia aberta","Checkpoint","64","Checkpoint do módulo 14","Verificar o domínio dos conteúdos do módulo: Macroeconomia aberta","técnica","Avançado","2","T7",42,"2028-05-29","1ª e 2ª","certo_errado;multipla_escolha;resposta_curta","ECO-14-63","","10"
"ECO-15-65","Economia","15","Política comercial","Instrumentos","65","Tarifas e quotas","Analisar os efeitos de tarifas e quotas sobre preços, bem-estar e comércio","3.3","Intermediário","2","T7",42,"2028-05-29","1ª e 2ª","certo_errado;multipla_escolha;resposta_curta","ECO-14-64","Krugman; Obstfeld, Economia Internacional","8"
"ECO-15-66","Economia","15","Política comercial","Instrumentos","66","Subsídios e outros instrumentos de política comercial","Comparar efeitos de subsídios e outros instrumentos de política comercial","3.3","Intermediário","2","T7",43,"2028-06-12","1ª e 2ª","certo_errado;associar;resposta_curta","ECO-15-65","Krugman; Obstfeld, Economia Internacional","8"
"ECO-15-67","Economia","15","Política comercial","Checkpoint","67","Checkpoint do módulo 15","Verificar o domínio dos conteúdos do módulo: Política comercial","técnica","Intermediário","2","T7",43,"2028-06-12","1ª e 2ª","certo_errado;multipla_escolha;resposta_curta","ECO-15-66","","10"
"ECO-16-68","Economia","16","História econômica brasileira I: do século XIX à década de 1950","Do café à indústria","68","A economia cafeeira no século XIX","Caracterizar a economia cafeeira no século XIX","4.1, 4.1.1","Básico","2","T7",43,"2028-06-12","1ª e 2ª","associar;ordenar;certo_errado","ECO-15-67","Furtado, Formação Econômica do Brasil","8"
"ECO-16-69","Economia","16","História econômica brasileira I: do século XIX à década de 1950","Do café à indústria","69","Primeira República: políticas econômicas, indústria e valorização do café","Descrever as políticas econômicas, o crescimento industrial e as políticas de valorização do café","4.2.1, 4.2.2, 4.2.3","Intermediário","2","T7",44,"2028-06-26","1ª e 2ª","ordenar;certo_errado;resposta_curta","ECO-16-68","Furtado, Formação Econômica do Brasil","8"
"ECO-16-70","Economia","16","História econômica brasileira I: do século XIX à década de 1950","Industrialização","70","Industrialização 1930-1945: ISI, falhas e críticas","Explicar o modelo de industrialização por substituição de importações e suas críticas","4.3.1, 4.3.2","Intermediário","2","T7",44,"2028-06-26","1ª e 2ª","certo_errado;associar;resposta_curta","ECO-16-69","Gremaud; Vasconcellos; Toneto Jr., Economia Brasileira Contemporânea","8"
"ECO-16-71","Economia","16","História econômica brasileira I: do século XIX à década de 1950","Industrialização","71","A década de 1950: Plano SALTE, Plano de Metas e nova fase de industrialização","Comparar o Plano SALTE e o Plano de Metas no contexto do pós-guerra","4.4.1, 4.4.2, 4.4.3","Intermediário","2","T7",45,"2028-07-10","1ª e 2ª","ordenar;associar;certo_errado","ECO-16-70","Gremaud; Vasconcellos; Toneto Jr., Economia Brasileira Contemporânea","8"
"ECO-16-72","Economia","16","História econômica brasileira I: do século XIX à década de 1950","Checkpoint","72","Checkpoint do módulo 16","Verificar o domínio dos conteúdos do módulo: História econômica brasileira I: do século XIX à década de 1950","técnica","Intermediário","2","T7",45,"2028-07-10","1ª e 2ª","certo_errado;multipla_escolha;resposta_curta","ECO-16-71","","10"
"ECO-17-73","Economia","17","História econômica brasileira II: de 1962 aos anos 1990","Ajuste e milagre","73","1962-1967: desaceleração, Plano Trienal e PAEG","Explicar a desaceleração, o Plano Trienal e as reformas do PAEG e sua importância para a retomada","4.5.1, 4.5.2, 4.5.3, 4.5.4","Intermediário","2","T8",46,"2028-07-24","1ª e 2ª","ordenar;certo_errado;resposta_curta","ECO-16-72","Giambiagi et al. (orgs.), Economia Brasileira Contemporânea","8"
"ECO-17-74","Economia","17","História econômica brasileira II: de 1962 aos anos 1990","Ajuste e milagre","74","Milagre Econômico e I PND","Identificar as causas do Milagre Econômico e o papel do I PND","4.6.1, 4.6.2","Intermediário","2","T8",46,"2028-07-24","1ª e 2ª","certo_errado;associar;resposta_curta","ECO-17-73","Giambiagi et al. (orgs.), Economia Brasileira Contemporânea","8"
"ECO-17-75","Economia","17","História econômica brasileira II: de 1962 aos anos 1990","Ajuste e milagre","75","Desaceleração econômica e II PND","Descrever a desaceleração econômica e os objetivos do II PND","4.7","Intermediário","2","T8",47,"2028-08-07","1ª e 2ª","certo_errado;multipla_escolha;resposta_curta","ECO-17-74","Giambiagi et al. (orgs.), Economia Brasileira Contemporânea","8"
"ECO-17-76","Economia","17","História econômica brasileira II: de 1962 aos anos 1990","Crise e estabilização","76","Anos 80: interrupção do financiamento externo e políticas de ajuste","Relacionar a interrupção do financiamento externo às políticas de ajuste","4.8.1","Avançado","2","T8",47,"2028-08-07","1ª e 2ª","certo_errado;ordenar;resposta_curta","ECO-17-75","Giambiagi et al. (orgs.), Economia Brasileira Contemporânea","8"
"ECO-17-77","Economia","17","História econômica brasileira II: de 1962 aos anos 1990","Crise e estabilização","77","Anos 80: aceleração inflacionária, planos e natureza da inflação","Comparar os planos de combate à inflação e as interpretações sobre a natureza da inflação","4.8.2, 4.8.3","Avançado","2","T8",48,"2028-08-21","1ª e 2ª","associar;certo_errado;resposta_curta","ECO-17-76","Giambiagi et al. (orgs.), Economia Brasileira Contemporânea","8"
"ECO-17-78","Economia","17","História econômica brasileira II: de 1962 aos anos 1990","Crise e estabilização","78","Anos 90: abertura parcial e Plano Real","Explicar a abertura comercial e financeira parcial e o Plano Real","4.9.1, 4.9.2","Avançado","2","T8",48,"2028-08-21","1ª e 2ª","ordenar;certo_errado;resposta_curta","ECO-17-77","Giambiagi et al. (orgs.), Economia Brasileira Contemporânea","8"
"ECO-17-79","Economia","17","História econômica brasileira II: de 1962 aos anos 1990","Checkpoint","79","Checkpoint do módulo 17","Verificar o domínio dos conteúdos do módulo: História econômica brasileira II: de 1962 aos anos 1990","técnica","Avançado","2","T8",49,"2028-09-04","1ª e 2ª","certo_errado;multipla_escolha;resposta_curta","ECO-17-78","","10"
"ECO-18-80","Economia","18","Bancos digitais e meios de pagamento","Dinheiro digital","80","Bancos digitais e meios de pagamento","Descrever o papel de bancos digitais e meios de pagamento na economia","5","Intermediário","2","T8",50,"2028-09-18","1ª e 2ª","associar;certo_errado;flashcard","ECO-17-79","","8"
"ECO-18-81","Economia","18","Bancos digitais e meios de pagamento","Dinheiro digital","81","Do dinheiro de plástico ao dinheiro digital: desafios","Analisar desafios econômicos e regulatórios da transição para o dinheiro digital","5","Avançado","2","T8",50,"2028-09-18","1ª e 2ª","certo_errado;resposta_curta;resumo","ECO-18-80","","8"
"ECO-18-82","Economia","18","Bancos digitais e meios de pagamento","Checkpoint","82","Checkpoint do módulo 18","Verificar o domínio dos conteúdos do módulo: Bancos digitais e meios de pagamento","técnica","Avançado","2","T8",51,"2028-10-02","1ª e 2ª","certo_errado;multipla_escolha;resposta_curta","ECO-18-81","","10"
"ECO-19-83","Economia","19","Treino discursivo – Ano 2","Discursiva","83","Discursiva de Economia: micro e macro (até 60 linhas)","Redigir resposta de até 60 linhas sobre tema de micro ou macroeconomia, com tese, argumentos e conclusão","técnica","Intermediário","2","T8",51,"2028-10-02","2ª","discursiva;resumo;resposta_curta","ECO-18-82","","10"
"ECO-19-84","Economia","19","Treino discursivo – Ano 2","Discursiva","84","Discursiva de Economia: economia internacional (até 40 linhas)","Redigir resposta de até 40 linhas sobre tema de economia internacional, com linguagem objetiva","técnica","Intermediário","2","T8",52,"2028-10-16","2ª","discursiva;resumo;resposta_curta","ECO-19-83","","10"
"ECO-19-85","Economia","19","Treino discursivo – Ano 2","Discursiva","85","Discursiva de Economia: história econômica brasileira (até 40 linhas)","Redigir resposta de até 40 linhas sobre período da história econômica brasileira, com encadeamento causal","técnica","Intermediário","2","T8",52,"2028-10-16","2ª","discursiva;resumo;resposta_curta","ECO-19-84","","10"
"ECO-20-86","Economia","20","Treino discursivo e revisão final – Ano 3","Revisão","86","Revisão guiada: micro, macro e contas nacionais","Revisar erros frequentes em micro, macro e contas nacionais","técnica","Avançado","3","T9",53,"2028-10-30","1ª e 2ª","flashcard;certo_errado;resposta_curta","ECO-19-85","","8"
"ECO-20-87","Economia","20","Treino discursivo e revisão final – Ano 3","Simulado","87","Simulado Certo/Errado: micro, macro e setor público","Resolver itens Certo/Errado de micro, macro e setor público em tempo controlado","técnica","Avançado","3","T9",55,"2028-11-27","1ª","certo_errado;multipla_escolha","ECO-20-86","","10"
"ECO-20-88","Economia","20","Treino discursivo e revisão final – Ano 3","Discursiva","88","Discursiva integradora: política fiscal e monetária (até 60 linhas)","Redigir resposta de até 60 linhas integrando política fiscal e monetária","técnica","Avançado","3","T9",56,"2028-12-11","2ª","discursiva;resumo","ECO-20-87","","10"
"ECO-20-89","Economia","20","Treino discursivo e revisão final – Ano 3","Revisão","89","Revisão guiada: economia internacional e câmbio","Revisar balanço de pagamentos, câmbio e teorias de comércio","técnica","Avançado","3","T10",57,"2028-12-25","1ª e 2ª","flashcard;certo_errado;resposta_curta","ECO-20-88","","8"
"ECO-20-90","Economia","20","Treino discursivo e revisão final – Ano 3","Simulado","90","Simulado Certo/Errado: economia internacional e contas externas","Resolver itens Certo/Errado de economia internacional e contas externas","técnica","Avançado","3","T10",59,"2029-01-22","1ª","certo_errado;multipla_escolha","ECO-20-89","","10"
"ECO-20-91","Economia","20","Treino discursivo e revisão final – Ano 3","Discursiva","91","Discursiva integradora: câmbio, juros e inflação (até 40 linhas)","Redigir resposta de até 40 linhas sobre a relação entre câmbio, juros e inflação","técnica","Avançado","3","T10",60,"2029-02-05","2ª","discursiva;resumo","ECO-20-90","","10"
"ECO-20-92","Economia","20","Treino discursivo e revisão final – Ano 3","Simulado","92","Simulado Certo/Errado: história econômica e tópico 5","Resolver itens Certo/Errado de história econômica brasileira e de bancos digitais","técnica","Avançado","3","T11",61,"2029-02-19","1ª","certo_errado;multipla_escolha","ECO-20-91","","10"
"ECO-20-93","Economia","20","Treino discursivo e revisão final – Ano 3","Simulado","93","Simulado discursivo final de Economia (duas de 60 e duas de 40 linhas)","Produzir quatro respostas discursivas de Economia em tempo de prova","técnica","Avançado","3","T11",64,"2029-04-02","2ª","discursiva;resumo","ECO-20-92","","10"
"DIR-01-01","Direito","1","Teoria geral do direito e Constituição","Teoria geral","1","Normas jurídicas","Distinguir regras e princípios e os conceitos de vigência, validade e eficácia","1","Básico","1","T1",1,"2026-11-02","1ª e 2ª","certo_errado;flashcard;associar","","","7"
"DIR-01-02","Direito","1","Teoria geral do direito e Constituição","Teoria geral","2","Personalidade jurídica","Diferenciar pessoas naturais e jurídicas e o início e o fim da personalidade","2","Básico","1","T1",1,"2026-11-02","1ª e 2ª","certo_errado;associar;flashcard","DIR-01-01","","7"
"DIR-01-03","Direito","1","Teoria geral do direito e Constituição","Constituição","3","Constituição: conceito, classificações e primado","Classificar a Constituição de 1988 e explicar o primado constitucional","3","Básico","1","T1",2,"2026-11-16","1ª e 2ª","associar;certo_errado;flashcard","DIR-01-02","Silva, Curso de Direito Constitucional Positivo","8"
"DIR-01-04","Direito","1","Teoria geral do direito e Constituição","Constituição","4","Controle de constitucionalidade","Distinguir controle difuso e concentrado e os principais instrumentos","3","Intermediário","1","T1",2,"2026-11-16","1ª e 2ª","certo_errado;multipla_escolha;ordenar","DIR-01-03","Mendes; Branco, Curso de Direito Constitucional","8"
"DIR-01-05","Direito","1","Teoria geral do direito e Constituição","Checkpoint","5","Checkpoint do módulo 1","Verificar o domínio dos conteúdos do módulo: Teoria geral do direito e Constituição","técnica","Intermediário","1","T1",3,"2026-11-30","1ª e 2ª","certo_errado;multipla_escolha;resposta_curta","DIR-01-04","","10"
"DIR-02-06","Direito","2","Estado e poderes","Estado","6","Estado: elementos, soberania e formas","Identificar os elementos do Estado, a soberania e as formas de Estado","4","Básico","1","T1",4,"2026-12-14","1ª e 2ª","associar;certo_errado;flashcard","DIR-01-05","Silva, Curso de Direito Constitucional Positivo","7"
"DIR-02-07","Direito","2","Estado e poderes","Estado","7","Federalismo, competências e sistemas de governo","Distinguir a repartição de competências entre os entes e os sistemas de governo","4","Intermediário","1","T1",4,"2026-12-14","1ª e 2ª","certo_errado;associar;multipla_escolha","DIR-02-06","Mendes; Branco, Curso de Direito Constitucional","8"
"DIR-02-08","Direito","2","Estado e poderes","Poderes","8","Estado democrático de direito e divisão de poderes","Explicar o conceito e os objetivos do Estado democrático de direito e a divisão de poderes","5","Básico","1","T1",5,"2026-12-28","1ª e 2ª","certo_errado;flashcard;resposta_curta","DIR-02-07","Mendes; Branco, Curso de Direito Constitucional","7"
"DIR-02-09","Direito","2","Estado e poderes","Poderes","9","Organização e competências dos poderes","Comparar a organização e as competências dos três poderes","6","Intermediário","1","T1",5,"2026-12-28","1ª e 2ª","associar;certo_errado;multipla_escolha","DIR-02-08","Mendes; Branco, Curso de Direito Constitucional","8"
"DIR-02-10","Direito","2","Estado e poderes","Poderes","10","Processo legislativo brasileiro","Ordenar as fases do processo legislativo e as espécies normativas","7","Intermediário","1","T1",6,"2027-01-11","1ª e 2ª","ordenar;certo_errado;multipla_escolha","DIR-02-09","Mendes; Branco, Curso de Direito Constitucional","8"
"DIR-02-11","Direito","2","Estado e poderes","Checkpoint","11","Checkpoint do módulo 2","Verificar o domínio dos conteúdos do módulo: Estado e poderes","técnica","Intermediário","1","T1",6,"2027-01-11","1ª e 2ª","certo_errado;multipla_escolha;resposta_curta","DIR-02-10","","10"
"DIR-03-12","Direito","3","Direitos e garantias fundamentais","Direitos fundamentais","12","Teoria geral e direitos individuais e coletivos","Explicar a teoria geral dos direitos fundamentais e os direitos individuais e coletivos","8","Básico","1","T2",7,"2027-01-25","1ª e 2ª","certo_errado;associar;flashcard","DIR-02-11","Mendes; Branco, Curso de Direito Constitucional","8"
"DIR-03-13","Direito","3","Direitos e garantias fundamentais","Direitos fundamentais","13","Direitos sociais, direitos políticos e remédios constitucionais","Distinguir direitos sociais, políticos e remédios constitucionais","8","Intermediário","1","T2",8,"2027-02-08","1ª e 2ª","associar;certo_errado;multipla_escolha","DIR-03-12","Mendes; Branco, Curso de Direito Constitucional","8"
"DIR-03-14","Direito","3","Direitos e garantias fundamentais","Checkpoint","14","Checkpoint do módulo 3","Verificar o domínio dos conteúdos do módulo: Direitos e garantias fundamentais","técnica","Intermediário","1","T2",9,"2027-02-22","1ª e 2ª","certo_errado;multipla_escolha;resposta_curta","DIR-03-13","","10"
"DIR-04-15","Direito","4","Administração Pública","Administração","15","Princípios, servidores e estrutura da Administração Federal","Identificar princípios constitucionais e a estrutura da Administração Pública Federal","9","Básico","1","T2",10,"2027-03-08","1ª e 2ª","associar;certo_errado;flashcard","DIR-03-14","Di Pietro, Direito Administrativo","8"
"DIR-04-16","Direito","4","Administração Pública","Administração","16","Atos administrativos, processo e procedimento administrativo","Analisar atributos e requisitos do ato administrativo e o processo administrativo","9","Intermediário","1","T2",10,"2027-03-08","1ª e 2ª","certo_errado;multipla_escolha;associar","DIR-04-15","Lei nº 9.784/1999","8"
"DIR-04-17","Direito","4","Administração Pública","Contratação e responsabilidade","17","Licitações e contratos administrativos","Diferenciar modalidades de licitação e características dos contratos administrativos","10","Intermediário","1","T2",11,"2027-03-22","1ª e 2ª","certo_errado;ordenar;multipla_escolha","DIR-04-16","Lei nº 14.133/2021","8"
"DIR-04-18","Direito","4","Administração Pública","Contratação e responsabilidade","18","Responsabilidade civil do Estado","Distinguir a responsabilidade objetiva do Estado dos casos de responsabilidade subjetiva","11","Intermediário","1","T2",12,"2027-04-05","1ª e 2ª","certo_errado;multipla_escolha;resposta_curta","DIR-04-17","Carvalho Filho, Manual de Direito Administrativo","8"
"DIR-04-19","Direito","4","Administração Pública","Checkpoint","19","Checkpoint do módulo 4","Verificar o domínio dos conteúdos do módulo: Administração Pública","técnica","Intermediário","1","T2",13,"2027-04-19","1ª e 2ª","certo_errado;multipla_escolha;resposta_curta","DIR-04-18","","10"
"DIR-05-20","Direito","5","Servidores, improbidade, Serviço Exterior e finanças públicas","Servidores","20","Servidor público: direitos, deveres, responsabilidades e processo disciplinar","Descrever direitos, deveres e o regime disciplinar do servidor público","12","Intermediário","1","T3",14,"2027-05-03","1ª e 2ª","certo_errado;associar;ordenar","DIR-04-19","Lei nº 8.112/1990","8"
"DIR-05-21","Direito","5","Servidores, improbidade, Serviço Exterior e finanças públicas","Servidores","21","Improbidade administrativa","Identificar atos de improbidade administrativa e suas sanções","12","Intermediário","1","T3",15,"2027-05-17","1ª e 2ª","certo_errado;multipla_escolha;associar","DIR-05-20","Lei nº 8.429/1992","8"
"DIR-05-22","Direito","5","Servidores, improbidade, Serviço Exterior e finanças públicas","Servidores","22","Regime Jurídico dos Servidores do Serviço Exterior Brasileiro","Descrever o regime jurídico dos servidores do Serviço Exterior Brasileiro","13","Intermediário","1","T3",15,"2027-05-17","1ª e 2ª","certo_errado;flashcard;multipla_escolha","DIR-05-21","Lei nº 11.440/2006","8"
"DIR-05-23","Direito","5","Servidores, improbidade, Serviço Exterior e finanças públicas","Finanças públicas","23","Finanças públicas e normas orçamentárias","Explicar o ciclo orçamentário e as normas de finanças públicas","14","Intermediário","1","T3",16,"2027-05-31","1ª e 2ª","certo_errado;associar;flashcard","DIR-05-22","Lei nº 4.320/1964","8"
"DIR-05-24","Direito","5","Servidores, improbidade, Serviço Exterior e finanças públicas","Checkpoint","24","Checkpoint do módulo 5","Verificar o domínio dos conteúdos do módulo: Servidores, improbidade, Serviço Exterior e finanças públicas","técnica","Intermediário","1","T3",17,"2027-06-14","1ª e 2ª","certo_errado;multipla_escolha;resposta_curta","DIR-05-23","","10"
"DIR-06-25","Direito","6","DIP e ordem jurídica interna","DIP e direito interno","25","DIP e direito interno: Constituição e entes federados","Relacionar o Direito Internacional Público ao direito interno, à Constituição e aos entes federados","15","Intermediário","1","T3",17,"2027-06-14","1ª e 2ª","certo_errado;associar;flashcard","DIR-05-24","Rezek, Direito Internacional Público: Curso Elementar","8"
"DIR-06-26","Direito","6","DIP e ordem jurídica interna","DIP e direito interno","26","Princípios do Brasil nas relações internacionais","Enumerar e interpretar os princípios do art. 4º da Constituição","16","Básico","1","T3",18,"2027-06-28","1ª e 2ª","certo_errado;flashcard;lacuna","DIR-06-25","Constituição da República Federativa do Brasil de 1988","8"
"DIR-06-27","Direito","6","DIP e ordem jurídica interna","DIP e direito interno","27","DIP, direito internacional privado e a LINDB","Distinguir o DIP do direito internacional privado e identificar a LINDB como fonte","17","Intermediário","1","T3",19,"2027-07-12","1ª e 2ª","certo_errado;associar;multipla_escolha","DIR-06-26","Decreto-Lei nº 4.657/1942 (LINDB)","8"
"DIR-06-28","Direito","6","DIP e ordem jurídica interna","Checkpoint","28","Checkpoint do módulo 6","Verificar o domínio dos conteúdos do módulo: DIP e ordem jurídica interna","técnica","Intermediário","1","T3",19,"2027-07-12","1ª e 2ª","certo_errado;multipla_escolha;resposta_curta","DIR-06-27","","10"
"DIR-07-29","Direito","7","Estado, território e povo no DIP","Estado","29","Surgimento, extinção e sucessão de Estados","Descrever o surgimento, a extinção e a sucessão de Estados","18","Intermediário","1","T4",20,"2027-07-26","1ª e 2ª","certo_errado;associar;flashcard","DIR-06-28","Rezek, Direito Internacional Público: Curso Elementar","8"
"DIR-07-30","Direito","7","Estado, território e povo no DIP","Estado","30","Direitos e deveres dos Estados, soberania e reconhecimento","Explicar direitos e deveres dos Estados, soberania e o reconhecimento de Estado e governo","18","Intermediário","1","T4",20,"2027-07-26","1ª e 2ª","certo_errado;flashcard;resposta_curta","DIR-07-29","Accioly; Silva; Casella, Manual de Direito Internacional Público","8"
"DIR-07-31","Direito","7","Estado, território e povo no DIP","Território","31","Território e formação do território brasileiro","Descrever o território e as etapas de formação do território brasileiro","19","Intermediário","1","T4",21,"2027-08-09","1ª e 2ª","ordenar;certo_errado;associar","DIR-07-30","","8"
"DIR-07-32","Direito","7","Estado, território e povo no DIP","Povo","32","Nacionalidade e proteção de nacionais no exterior","Explicar aquisição, perda e reaquisição da nacionalidade, a dupla nacionalidade e a proteção de brasileiros no exterior","20","Intermediário","1","T4",22,"2027-08-23","1ª e 2ª","certo_errado;associar;multipla_escolha","DIR-07-31","Portela, Direito Internacional Público e Privado","8"
"DIR-07-33","Direito","7","Estado, território e povo no DIP","Povo","33","Estrangeiro, extradição, asilo, apatridia e polipatria","Distinguir extradição, asilo, apatridia e polipatria e a situação jurídica do estrangeiro","20","Intermediário","1","T4",22,"2027-08-23","1ª e 2ª","associar;certo_errado;multipla_escolha","DIR-07-32","Lei nº 13.445/2017","8"
"DIR-07-34","Direito","7","Estado, território e povo no DIP","Checkpoint","34","Checkpoint do módulo 7","Verificar o domínio dos conteúdos do módulo: Estado, território e povo no DIP","técnica","Intermediário","1","T4",23,"2027-09-06","1ª e 2ª","certo_errado;multipla_escolha;resposta_curta","DIR-07-33","","10"
"DIR-08-35","Direito","8","Jurisdição, relações diplomáticas e sujeitos especiais","Jurisdição e imunidades","35","Jurisdição e imunidades","Explicar a jurisdição estatal e as imunidades","21","Intermediário","1","T4",24,"2027-09-20","1ª e 2ª","certo_errado;flashcard;associar","DIR-07-34","Accioly; Silva; Casella, Manual de Direito Internacional Público","8"
"DIR-08-36","Direito","8","Jurisdição, relações diplomáticas e sujeitos especiais","Jurisdição e imunidades","36","Relações diplomáticas e consulares","Comparar relações diplomáticas e consulares e suas prerrogativas","21","Intermediário","1","T4",24,"2027-09-20","1ª e 2ª","associar;certo_errado;multipla_escolha","DIR-08-35","Convenção de Viena sobre Relações Diplomáticas","8"
"DIR-08-37","Direito","8","Jurisdição, relações diplomáticas e sujeitos especiais","Responsabilidade","37","Responsabilidade internacional do Estado e proteção diplomática","Descrever a responsabilidade internacional do Estado e a proteção diplomática","21","Intermediário","1","T4",25,"2027-10-04","1ª e 2ª","certo_errado;associar;resposta_curta","DIR-08-36","Accioly; Silva; Casella, Manual de Direito Internacional Público","8"
"DIR-08-38","Direito","8","Jurisdição, relações diplomáticas e sujeitos especiais","Sujeitos","38","Sujeitos especiais do Direito Internacional","Identificar os sujeitos especiais do Direito Internacional","22","Intermediário","1","T4",26,"2027-10-18","1ª e 2ª","associar;certo_errado;flashcard","DIR-08-37","Rezek, Direito Internacional Público: Curso Elementar","8"
"DIR-08-39","Direito","8","Jurisdição, relações diplomáticas e sujeitos especiais","Checkpoint","39","Checkpoint do módulo 8","Verificar o domínio dos conteúdos do módulo: Jurisdição, relações diplomáticas e sujeitos especiais","técnica","Intermediário","1","T4",26,"2027-10-18","1ª e 2ª","certo_errado;multipla_escolha;resposta_curta","DIR-08-38","","10"
"DIR-09-40","Direito","9","Fontes do Direito Internacional Público","Tratados","40","Tratados I: conceito, celebração e Convenção de Viena","Descrever o conceito de tratado e as fases de celebração","23","Intermediário","2","T5",27,"2027-11-01","1ª e 2ª","certo_errado;ordenar;associar","DIR-08-39","Convenção de Viena sobre o Direito dos Tratados","8"
"DIR-09-41","Direito","9","Fontes do Direito Internacional Público","Tratados","41","Tratados II: reservas, interpretação, vigência e extinção","Analisar reservas, interpretação, vigência e extinção de tratados","23","Avançado","2","T5",28,"2027-11-15","1ª e 2ª","certo_errado;associar;resposta_curta","DIR-09-40","Convenção de Viena sobre o Direito dos Tratados","8"
"DIR-09-42","Direito","9","Fontes do Direito Internacional Público","Tratados","42","Incorporação ao direito brasileiro, acordos executivos e conflito entre fontes","Explicar a incorporação de tratados ao direito brasileiro, os acordos executivos e o conflito entre fontes","23","Avançado","2","T5",28,"2027-11-15","1ª e 2ª","certo_errado;ordenar;resposta_curta","DIR-09-41","Mazzuoli, Curso de Direito Internacional Público","8"
"DIR-09-43","Direito","9","Fontes do Direito Internacional Público","Outras fontes","43","Costume, princípios gerais, jurisprudência, doutrina, analogia e equidade","Distinguir costume internacional, princípios gerais, jurisprudência, doutrina, analogia e equidade","23","Intermediário","2","T5",29,"2027-11-29","1ª e 2ª","certo_errado;associar;flashcard","DIR-09-42","Estatuto da Corte Internacional de Justiça","8"
"DIR-09-44","Direito","9","Fontes do Direito Internacional Público","Outras fontes","44","Jus cogens, erga omnes, soft law e atos unilaterais e de organizações internacionais","Diferenciar jus cogens, obrigações erga omnes, soft law e atos unilaterais e de organizações internacionais","23","Avançado","2","T5",30,"2027-12-13","1ª e 2ª","certo_errado;associar;traducao","DIR-09-43","Shaw, International Law","8"
"DIR-09-45","Direito","9","Fontes do Direito Internacional Público","Checkpoint","45","Checkpoint do módulo 9","Verificar o domínio dos conteúdos do módulo: Fontes do Direito Internacional Público","técnica","Avançado","2","T5",30,"2027-12-13","1ª e 2ª","certo_errado;multipla_escolha;resposta_curta","DIR-09-44","","10"
"DIR-10-46","Direito","10","Solução pacífica de controvérsias","Meios","46","Meios diplomáticos e prática brasileira","Distinguir bons ofícios, mediação, investigação e conciliação e a prática brasileira","24","Intermediário","2","T5",31,"2027-12-27","1ª e 2ª","associar;certo_errado;flashcard","DIR-09-45","Accioly; Silva; Casella, Manual de Direito Internacional Público","8"
"DIR-10-47","Direito","10","Solução pacífica de controvérsias","Meios","47","Arbitragem, Corte Internacional de Justiça e outros tribunais","Comparar arbitragem, Corte Internacional de Justiça e outros tribunais internacionais","24","Intermediário","2","T5",32,"2028-01-10","1ª e 2ª","certo_errado;associar;resposta_curta","DIR-10-46","Estatuto da Corte Internacional de Justiça","8"
"DIR-10-48","Direito","10","Solução pacífica de controvérsias","Checkpoint","48","Checkpoint do módulo 10","Verificar o domínio dos conteúdos do módulo: Solução pacífica de controvérsias","técnica","Intermediário","2","T5",32,"2028-01-10","1ª e 2ª","certo_errado;multipla_escolha;resposta_curta","DIR-10-47","","10"
"DIR-11-49","Direito","11","Organizações internacionais","Organizações","49","Organizações internacionais e incorporação de seus atos","Explicar a personalidade das organizações internacionais e a incorporação de seus atos ao direito brasileiro","25","Intermediário","2","T6",33,"2028-01-24","1ª e 2ª","certo_errado;flashcard;associar","DIR-10-48","Mazzuoli, Curso de Direito Internacional Público","8"
"DIR-11-50","Direito","11","Organizações internacionais","Organizações","50","ONU e suas agências","Descrever a estrutura da ONU e suas agências","25","Intermediário","2","T6",34,"2028-02-07","1ª e 2ª","associar;certo_errado;flashcard","DIR-11-49","Carta das Nações Unidas","8"
"DIR-11-51","Direito","11","Organizações internacionais","Organizações","51","OEA, Carta Democrática Interamericana e outras organizações regionais","Descrever a OEA, a Carta Democrática Interamericana e outras organizações regionais","25","Intermediário","2","T6",34,"2028-02-07","1ª e 2ª","associar;certo_errado;traducao","DIR-11-50","Carta da Organização dos Estados Americanos","8"
"DIR-11-52","Direito","11","Organizações internacionais","Checkpoint","52","Checkpoint do módulo 11","Verificar o domínio dos conteúdos do módulo: Organizações internacionais","técnica","Intermediário","2","T6",35,"2028-02-21","1ª e 2ª","certo_errado;multipla_escolha;resposta_curta","DIR-11-51","","10"
"DIR-12-53","Direito","12","Integração regional e Mercosul","Integração","53","Direito da integração regional","Explicar o direito da integração regional","26","Intermediário","2","T6",36,"2028-03-06","1ª e 2ª","certo_errado;associar;flashcard","DIR-11-52","Mazzuoli, Curso de Direito Internacional Público","8"
"DIR-12-54","Direito","12","Integração regional e Mercosul","Integração","54","Mercosul, solução de controvérsias e relação com o direito brasileiro","Analisar o ordenamento do Mercosul, seu órgão de solução de controvérsias e sua relação com o direito brasileiro","26","Avançado","2","T6",36,"2028-03-06","1ª e 2ª","certo_errado;associar;resposta_curta","DIR-12-53","Tratado de Assunção","8"
"DIR-12-55","Direito","12","Integração regional e Mercosul","Checkpoint","55","Checkpoint do módulo 12","Verificar o domínio dos conteúdos do módulo: Integração regional e Mercosul","técnica","Avançado","2","T6",37,"2028-03-20","1ª e 2ª","certo_errado;multipla_escolha;resposta_curta","DIR-12-54","","10"
"DIR-13-56","Direito","13","Uso da força e segurança coletiva","Uso da força","56","Uso da força, segurança coletiva e prática diplomática brasileira","Explicar a proibição do uso da força, a segurança coletiva e a prática diplomática brasileira","27","Intermediário","2","T6",38,"2028-04-03","1ª e 2ª","certo_errado;flashcard;resposta_curta","DIR-12-55","Carta das Nações Unidas","8"
"DIR-13-57","Direito","13","Uso da força e segurança coletiva","Uso da força","57","Manutenção da paz, desarmamento, não proliferação, controle de armas e terrorismo","Descrever operações de manutenção da paz, desarmamento, não proliferação, controle de armas e combate ao terrorismo","27","Intermediário","2","T6",38,"2028-04-03","1ª e 2ª","certo_errado;associar;flashcard","DIR-13-56","","8"
"DIR-13-58","Direito","13","Uso da força e segurança coletiva","Checkpoint","58","Checkpoint do módulo 13","Verificar o domínio dos conteúdos do módulo: Uso da força e segurança coletiva","técnica","Intermediário","2","T6",39,"2028-04-17","1ª e 2ª","certo_errado;multipla_escolha;resposta_curta","DIR-13-57","","10"
"DIR-14-59","Direito","14","Direito internacional dos direitos humanos","DIDH","59","DIDH: exigibilidade, tratados ratificados e incorporação","Explicar a exigibilidade dos direitos humanos e a incorporação dos tratados ratificados pelo Brasil","28","Intermediário","2","T7",40,"2028-05-01","1ª e 2ª","certo_errado;associar;flashcard","DIR-13-58","Piovesan, Direitos Humanos e o Direito Constitucional Internacional","8"
"DIR-14-60","Direito","14","Direito internacional dos direitos humanos","DIDH","60","Sistema universal: Conselho de Direitos Humanos, órgãos de tratados e petições","Descrever o Conselho de Direitos Humanos, os órgãos de tratados e os sistemas convencionais de petições","28","Intermediário","2","T7",40,"2028-05-01","1ª e 2ª","associar;certo_errado;resposta_curta","DIR-14-59","","8"
"DIR-14-61","Direito","14","Direito internacional dos direitos humanos","DIDH","61","Sistema Interamericano de Direitos Humanos","Descrever a estrutura e o funcionamento do Sistema Interamericano de Direitos Humanos","28","Avançado","2","T7",41,"2028-05-15","1ª e 2ª","certo_errado;ordenar;resposta_curta","DIR-14-60","Convenção Americana sobre Direitos Humanos","8"
"DIR-14-62","Direito","14","Direito internacional dos direitos humanos","Checkpoint","62","Checkpoint do módulo 14","Verificar o domínio dos conteúdos do módulo: Direito internacional dos direitos humanos","técnica","Avançado","2","T7",41,"2028-05-15","1ª e 2ª","certo_errado;multipla_escolha;resposta_curta","DIR-14-61","","10"
"DIR-15-63","Direito","15","DIH, refugiados e direito penal internacional","Conflitos armados","63","Conflitos armados e Direito Internacional Humanitário","Explicar os princípios do Direito Internacional Humanitário aplicáveis aos conflitos armados","29","Intermediário","2","T7",42,"2028-05-29","1ª e 2ª","certo_errado;associar;flashcard","DIR-14-62","Convenções de Genebra","8"
"DIR-15-64","Direito","15","DIH, refugiados e direito penal internacional","Conflitos armados","64","Direito Internacional dos Refugiados e refúgio no Brasil","Descrever o instituto do refúgio no direito internacional e no direito brasileiro","29","Intermediário","2","T7",42,"2028-05-29","1ª e 2ª","certo_errado;associar;resposta_curta","DIR-15-63","Jubilut, O Direito Internacional dos Refugiados e sua Aplicação no Ordenamento Jurídico Brasileiro","8"
"DIR-15-65","Direito","15","DIH, refugiados e direito penal internacional","Direito penal internacional","65","Direito penal internacional e Tribunal Penal Internacional","Explicar os tribunais penais internacionais e a competência do Tribunal Penal Internacional","30","Avançado","2","T7",43,"2028-06-12","1ª e 2ª","certo_errado;associar;resposta_curta","DIR-15-64","Estatuto de Roma","8"
"DIR-15-66","Direito","15","DIH, refugiados e direito penal internacional","Checkpoint","66","Checkpoint do módulo 15","Verificar o domínio dos conteúdos do módulo: DIH, refugiados e direito penal internacional","técnica","Avançado","2","T7",43,"2028-06-12","1ª e 2ª","certo_errado;multipla_escolha;resposta_curta","DIR-15-65","","10"
"DIR-16-67","Direito","16","Direito do comércio internacional","OMC","67","OMC: estrutura e acordos","Descrever a estrutura da OMC e seus acordos","31","Intermediário","2","T7",44,"2028-06-26","1ª e 2ª","certo_errado;associar;flashcard","DIR-15-66","Van den Bossche; Zdouc, The Law and Policy of the World Trade Organization","8"
"DIR-16-68","Direito","16","Direito do comércio internacional","OMC","68","Órgão de Solução de Controvérsias da OMC","Descrever o procedimento do Órgão de Solução de Controvérsias da OMC","31","Avançado","2","T7",44,"2028-06-26","1ª e 2ª","ordenar;certo_errado;resposta_curta","DIR-16-67","Van den Bossche; Zdouc, The Law and Policy of the World Trade Organization","8"
"DIR-16-69","Direito","16","Direito do comércio internacional","OMC","69","Jurisprudência da OMC","Analisar a jurisprudência do Órgão de Solução de Controvérsias da OMC","31","Avançado","2","T7",45,"2028-07-10","1ª e 2ª","certo_errado;resposta_curta;traducao","DIR-16-68","Van den Bossche; Zdouc, The Law and Policy of the World Trade Organization","8"
"DIR-16-70","Direito","16","Direito do comércio internacional","Checkpoint","70","Checkpoint do módulo 16","Verificar o domínio dos conteúdos do módulo: Direito do comércio internacional","técnica","Avançado","2","T7",45,"2028-07-10","1ª e 2ª","certo_errado;multipla_escolha;resposta_curta","DIR-16-69","","10"
"DIR-17-71","Direito","17","Meio ambiente, mar, trabalho e áreas além da jurisdição","Regimes especiais","71","Direito Internacional do Meio Ambiente","Explicar princípios e regimes do Direito Internacional do Meio Ambiente","32","Intermediário","2","T8",46,"2028-07-24","1ª e 2ª","certo_errado;associar;flashcard","DIR-16-70","Sands et al., Principles of International Environmental Law","8"
"DIR-17-72","Direito","17","Meio ambiente, mar, trabalho e áreas além da jurisdição","Regimes especiais","72","Direito Internacional do Mar e Tribunal Internacional do Direito do Mar","Descrever os espaços marítimos e o Tribunal Internacional do Direito do Mar","32","Intermediário","2","T8",46,"2028-07-24","1ª e 2ª","associar;certo_errado;resposta_curta","DIR-17-71","Rothwell; Stephens, The International Law of the Sea","8"
"DIR-17-73","Direito","17","Meio ambiente, mar, trabalho e áreas além da jurisdição","Regimes especiais","73","Direito internacional do trabalho e OIT","Descrever a OIT, suas convenções, recomendações e a supervisão normativa","33","Intermediário","2","T8",47,"2028-08-07","1ª e 2ª","certo_errado;associar;flashcard","DIR-17-72","","8"
"DIR-17-74","Direito","17","Meio ambiente, mar, trabalho e áreas além da jurisdição","Regimes especiais","74","Áreas além dos limites da jurisdição exclusiva dos Estados","Identificar áreas além da jurisdição exclusiva dos Estados e seus regimes","34","Intermediário","2","T8",48,"2028-08-21","1ª e 2ª","certo_errado;associar;flashcard","DIR-17-73","","8"
"DIR-17-75","Direito","17","Meio ambiente, mar, trabalho e áreas além da jurisdição","Checkpoint","75","Checkpoint do módulo 17","Verificar o domínio dos conteúdos do módulo: Meio ambiente, mar, trabalho e áreas além da jurisdição","técnica","Intermediário","2","T8",48,"2028-08-21","1ª e 2ª","certo_errado;multipla_escolha;resposta_curta","DIR-17-74","","10"
"DIR-18-76","Direito","18","Cooperação jurídica internacional","Cooperação","76","Cooperação jurídica internacional e regimes vigentes","Descrever os instrumentos de cooperação jurídica internacional e os regimes vigentes no direito brasileiro","35","Intermediário","2","T8",49,"2028-09-04","1ª e 2ª","certo_errado;associar;flashcard","DIR-17-75","","8"
"DIR-18-77","Direito","18","Cooperação jurídica internacional","Cooperação","77","Cooperação em matéria cível e penal","Distinguir a cooperação jurídica em matéria cível e penal","35","Avançado","2","T8",50,"2028-09-18","1ª e 2ª","certo_errado;associar;resposta_curta","DIR-18-76","","8"
"DIR-18-78","Direito","18","Cooperação jurídica internacional","Checkpoint","78","Checkpoint do módulo 18","Verificar o domínio dos conteúdos do módulo: Cooperação jurídica internacional","técnica","Avançado","2","T8",50,"2028-09-18","1ª e 2ª","certo_errado;multipla_escolha;resposta_curta","DIR-18-77","","10"
"DIR-19-79","Direito","19","Treino discursivo – Ano 2","Discursiva","79","Discursiva de Direito: Estado, território, povo e relações diplomáticas (até 60 linhas)","Redigir resposta de até 60 linhas sobre Estado, território, povo ou relações diplomáticas","técnica","Intermediário","2","T8",51,"2028-10-02","2ª","discursiva;resumo;resposta_curta","DIR-18-78","","10"
"DIR-19-80","Direito","19","Treino discursivo – Ano 2","Discursiva","80","Discursiva de Direito: fontes e tratados (até 40 linhas)","Redigir resposta de até 40 linhas sobre fontes do DIP e tratados","técnica","Intermediário","2","T8",52,"2028-10-16","2ª","discursiva;resumo;resposta_curta","DIR-19-79","","10"
"DIR-19-81","Direito","19","Treino discursivo – Ano 2","Discursiva","81","Discursiva de Direito: organizações, direitos humanos e comércio (até 40 linhas)","Redigir resposta de até 40 linhas sobre organizações internacionais, direitos humanos ou comércio","técnica","Intermediário","2","T8",52,"2028-10-16","2ª","discursiva;resumo;resposta_curta","DIR-19-80","","10"
"DIR-20-82","Direito","20","Treino discursivo e revisão final – Ano 3","Revisão","82","Revisão guiada: Estado, povo, território e fontes","Revisar erros frequentes em Estado, território, povo e fontes do DIP","técnica","Avançado","3","T9",53,"2028-10-30","1ª e 2ª","flashcard;certo_errado;resposta_curta","DIR-19-81","","8"
"DIR-20-83","Direito","20","Treino discursivo e revisão final – Ano 3","Simulado","83","Simulado Certo/Errado: DIP I","Resolver itens Certo/Errado de DIP em tempo controlado","técnica","Avançado","3","T9",55,"2028-11-27","1ª","certo_errado;multipla_escolha","DIR-20-82","","10"
"DIR-20-84","Direito","20","Treino discursivo e revisão final – Ano 3","Discursiva","84","Discursiva integradora: fontes, tratados e direito interno (até 60 linhas)","Redigir resposta de até 60 linhas integrando fontes do DIP e direito interno","técnica","Avançado","3","T9",56,"2028-12-11","2ª","discursiva;resumo","DIR-20-83","","10"
"DIR-20-85","Direito","20","Treino discursivo e revisão final – Ano 3","Revisão","85","Revisão guiada: organizações, direitos humanos e comércio","Revisar organizações internacionais, direitos humanos, DIH e comércio","técnica","Avançado","3","T10",57,"2028-12-25","1ª e 2ª","flashcard;certo_errado;resposta_curta","DIR-20-84","","8"
"DIR-20-86","Direito","20","Treino discursivo e revisão final – Ano 3","Simulado","86","Simulado Certo/Errado: DIP II","Resolver itens Certo/Errado de DIP II em tempo controlado","técnica","Avançado","3","T10",59,"2029-01-22","1ª","certo_errado;multipla_escolha","DIR-20-85","","10"
"DIR-20-87","Direito","20","Treino discursivo e revisão final – Ano 3","Discursiva","87","Discursiva integradora: direitos humanos e uso da força (até 40 linhas)","Redigir resposta de até 40 linhas sobre direitos humanos e uso da força","técnica","Avançado","3","T10",60,"2029-02-05","2ª","discursiva;resumo","DIR-20-86","","10"
"DIR-20-88","Direito","20","Treino discursivo e revisão final – Ano 3","Simulado","88","Simulado Certo/Errado final: Direito","Resolver itens Certo/Errado de todo o programa de Direito","técnica","Avançado","3","T11",61,"2029-02-19","1ª","certo_errado;multipla_escolha","DIR-20-87","","10"
"DIR-20-89","Direito","20","Treino discursivo e revisão final – Ano 3","Simulado","89","Simulado discursivo final de Direito (duas de 60 e duas de 40 linhas)","Produzir quatro respostas discursivas de Direito em tempo de prova","técnica","Avançado","3","T11",64,"2029-04-02","2ª","discursiva;resumo","DIR-20-88","","10"
"ESP-01-01","Língua Espanhola","1","A1 — Sons, letras e primeiras frases","A1 · Alfabeto e pronúncia","1","Alfabeto e sons do espanhol","Reconhecer as letras e os sons do espanhol que diferem do português (ñ, ll, j, z/c, b/v)","base linguística","Básico","1","T1",1,"2026-11-02","2ª","audio;associar;flashcard","","RAE e ASALE, Ortografía de la lengua española","8"
"ESP-01-02","Língua Espanhola","1","A1 — Sons, letras e primeiras frases","A1 · Alfabeto e pronúncia","2","Tonicidade e acento gráfico","Aplicar as regras de tonicidade e de acento gráfico em palavras agudas, graves e esdrújulas","base linguística","Básico","1","T1",2,"2026-11-16","2ª","lacuna;multipla_escolha","ESP-01-01","RAE e ASALE, Ortografía de la lengua española","8"
"ESP-01-03","Língua Espanhola","1","A1 — Sons, letras e primeiras frases","A1 · Cumprimentos e apresentação","3","Saludos, despedidas e tú/usted","Cumprimentar e despedir-se usando o registro de tratamento adequado","base linguística","Básico","1","T1",2,"2026-11-16","2ª","associar;audio;flashcard","ESP-01-02","","6"
"ESP-01-04","Língua Espanhola","1","A1 — Sons, letras e primeiras frases","A1 · Cumprimentos e apresentação","4","Apresentar-se: nome, nacionalidade e profissão","Apresentar-se informando nome, nacionalidade e profissão com o verbo ser","base linguística","Básico","1","T1",3,"2026-11-30","2ª","lacuna;resposta_curta;audio","ESP-01-03","","8"
"ESP-01-05","Língua Espanhola","1","A1 — Sons, letras e primeiras frases","A1 · Cumprimentos e apresentação","5","Números, datas e horas","Usar números até 100, datas e horas em frases simples","base linguística","Básico","1","T1",4,"2026-12-14","2ª","associar;lacuna;audio","ESP-01-04","","7"
"ESP-01-06","Língua Espanhola","1","A1 — Sons, letras e primeiras frases","A1 · Primeiro contraste com o português","6","Cognatos transparentes e primeiros falsos amigos","Distinguir cognatos transparentes de falsos cognatos frequentes (embarazada, exquisito, salsa)","base linguística","Básico","1","T1",5,"2026-12-28","2ª","associar;multipla_escolha;flashcard","ESP-01-05","Universidad de Alcalá, Señas: diccionario para la enseñanza de la lengua española para brasileños","7"
"ESP-02-01","Língua Espanhola","2","A1 — Estrutura básica da frase","A1 · Substantivos e artigos","7","Artigos e contrações al/del","Empregar artigos definidos e indefinidos e as contrações al e del","base linguística","Básico","1","T1",5,"2026-12-28","2ª","lacuna;multipla_escolha","ESP-01-06","RAE e ASALE, Nueva gramática de la lengua española: Manual","7"
"ESP-02-02","Língua Espanhola","2","A1 — Estrutura básica da frase","A1 · Substantivos e artigos","8","Gênero e número: heterogenéricos","Identificar o gênero de substantivos que mudam de gênero em relação ao português (el color, la sal, el árbol, la sangre)","base linguística","Básico","1","T1",6,"2027-01-11","2ª","associar;certo_errado;flashcard","ESP-02-01","RAE e ASALE, Nueva gramática de la lengua española: Manual","8"
"ESP-02-03","Língua Espanhola","2","A1 — Estrutura básica da frase","A1 · Presente de indicativo","9","Presente de indicativo: verbos regulares","Conjugar verbos regulares em -ar, -er e -ir no presente do indicativo","base linguística","Básico","1","T2",7,"2027-01-25","2ª","lacuna;multipla_escolha;resposta_curta","ESP-02-02","","8"
"ESP-02-04","Língua Espanhola","2","A1 — Estrutura básica da frase","A1 · Presente de indicativo","10","Ser, estar e hay","Distinguir ser, estar e hay em descrições, localização e existência","base linguística","Básico","1","T2",8,"2027-02-08","2ª","certo_errado;lacuna;multipla_escolha","ESP-02-03","RAE e ASALE, Nueva gramática de la lengua española: Manual","9"
"ESP-02-05","Língua Espanhola","2","A1 — Estrutura básica da frase","A1 · Presente de indicativo","11","Tener, ir e hacer; expressões com tener","Usar tener, ir e hacer em expressões como tener hambre e tener que","base linguística","Básico","1","T2",8,"2027-02-08","2ª","lacuna;associar","ESP-02-04","","7"
"ESP-02-06","Língua Espanhola","2","A1 — Estrutura básica da frase","A1 · Perguntas, negação e determinantes","12","Interrogativos e negação","Formular perguntas com interrogativos e construir frases negativas, inclusive com dupla negação (no vengo nunca)","base linguística","Básico","1","T2",9,"2027-02-22","2ª","ordenar;lacuna;resposta_curta","ESP-02-05","","7"
"ESP-02-07","Língua Espanhola","2","A1 — Estrutura básica da frase","A1 · Perguntas, negação e determinantes","13","Possessivos e demonstrativos","Escolher possessivos e os três graus de demonstrativos (este, ese, aquel)","base linguística","Básico","1","T2",10,"2027-03-08","2ª","multipla_escolha;lacuna","ESP-02-06","","6"
"ESP-02-08","Língua Espanhola","2","A1 — Estrutura básica da frase","A1 · Checkpoint","14","Checkpoint A1","Demonstrar domínio do nível A1 em compreensão auditiva, vocabulário e gramática básica","base linguística","Básico","1","T2",11,"2027-03-22","2ª","multipla_escolha;lacuna;audio;resposta_curta","ESP-02-07","Conselho da Europa, Quadro Europeu Comum de Referência para as Línguas","10"
"ESP-03-01","Língua Espanhola","3","A2 — Rotina, pronomes e passado","A2 · Verbos do cotidiano","15","Verbos com mudança vocálica","Conjugar verbos com mudança vocálica no presente (e>ie, o>ue, e>i)","base linguística","Básico","1","T2",12,"2027-04-05","2ª","lacuna;flashcard;multipla_escolha","ESP-02-08","","8"
"ESP-03-02","Língua Espanhola","3","A2 — Rotina, pronomes e passado","A2 · Verbos do cotidiano","16","Verbos reflexivos e rotina diária","Descrever a rotina diária com verbos reflexivos","base linguística","Básico","1","T2",12,"2027-04-05","2ª","lacuna;resposta_curta;ordenar","ESP-03-01","","7"
"ESP-03-03","Língua Espanhola","3","A2 — Rotina, pronomes e passado","A2 · Verbos do cotidiano","17","Gustar e verbos afetivos","Construir frases com gustar, encantar e interesar, concordando o verbo com o sujeito gramatical","base linguística","Básico","1","T2",13,"2027-04-19","2ª","lacuna;traducao;certo_errado","ESP-03-02","","8"
"ESP-03-04","Língua Espanhola","3","A2 — Rotina, pronomes e passado","A2 · Pronomes e preposições","18","Pronomes de objeto direto e indireto","Substituir complementos por pronomes e aplicar a troca de le por se antes de lo (se lo di)","base linguística","Básico","1","T3",14,"2027-05-03","2ª","lacuna;ordenar;traducao","ESP-03-03","RAE e ASALE, Nueva gramática de la lengua española: Manual","9"
"ESP-03-05","Língua Espanhola","3","A2 — Rotina, pronomes e passado","A2 · Pronomes e preposições","19","Preposições e o 'a' pessoal","Empregar o a pessoal e as preposições a, en, de, por e para em contextos básicos","base linguística","Básico","1","T3",15,"2027-05-17","2ª","lacuna;multipla_escolha;certo_errado","ESP-03-04","RAE, Diccionario panhispánico de dudas","8"
"ESP-03-06","Língua Espanhola","3","A2 — Rotina, pronomes e passado","A2 · Passado","20","Pretérito perfecto compuesto","Formar e usar o pretérito perfecto compuesto (he comido) distinguindo-o do indefinido","base linguística","Básico","1","T3",15,"2027-05-17","2ª","lacuna;multipla_escolha","ESP-03-05","","8"
"ESP-03-07","Língua Espanhola","3","A2 — Rotina, pronomes e passado","A2 · Passado","21","Pretérito indefinido","Conjugar o indefinido regular e irregular para narrar fatos concluídos","base linguística","Básico","1","T3",16,"2027-05-31","2ª","lacuna;flashcard;resposta_curta","ESP-03-06","","9"
"ESP-03-08","Língua Espanhola","3","A2 — Rotina, pronomes e passado","A2 · Passado","22","Imperfecto e contraste com o indefinido","Narrar no passado contrastando imperfecto (hábito, cenário) e indefinido (fato pontual)","base linguística","Básico","1","T3",17,"2027-06-14","2ª","lacuna;ordenar;discursiva","ESP-03-07","","9"
"ESP-03-09","Língua Espanhola","3","A2 — Rotina, pronomes e passado","A2 · Checkpoint","23","Checkpoint A2","Demonstrar domínio do nível A2 em leitura, gramática e produção escrita curta","base linguística","Básico","1","T3",17,"2027-06-14","2ª","multipla_escolha;lacuna;resposta_curta;traducao","ESP-03-08","Conselho da Europa, Quadro Europeu Comum de Referência para as Línguas","10"
"ESP-04-01","Língua Espanhola","4","B1 — Futuro, subjuntivo inicial e léxico","B1 · Futuro, condicional e imperativo","24","Futuro simple e ir a + infinitivo","Expressar planos e previsões com futuro simple e ir a + infinitivo","base linguística","Intermediário","1","T3",18,"2027-06-28","2ª","lacuna;resposta_curta","ESP-03-09","","7"
"ESP-04-02","Língua Espanhola","4","B1 — Futuro, subjuntivo inicial e léxico","B1 · Futuro, condicional e imperativo","25","Condicional simple e cortesia","Usar o condicional simples em pedidos corteses e hipóteses","base linguística","Intermediário","1","T3",19,"2027-07-12","2ª","lacuna;multipla_escolha","ESP-04-01","","7"
"ESP-04-03","Língua Espanhola","4","B1 — Futuro, subjuntivo inicial e léxico","B1 · Futuro, condicional e imperativo","26","Imperativo afirmativo e negativo","Formar o imperativo afirmativo e o negativo (que recorre ao subjuntivo)","base linguística","Intermediário","1","T3",19,"2027-07-12","2ª","lacuna;ordenar;certo_errado","ESP-04-02","","8"
"ESP-04-04","Língua Espanhola","4","B1 — Futuro, subjuntivo inicial e léxico","B1 · Subjuntivo inicial e narração","27","Presente de subjuntivo","Formar o presente de subjuntivo e usá-lo após expressões de desejo e dúvida","base linguística","Intermediário","1","T4",20,"2027-07-26","2ª","lacuna;multipla_escolha;resposta_curta","ESP-04-03","RAE e ASALE, Nueva gramática de la lengua española: Manual","9"
"ESP-04-05","Língua Espanhola","4","B1 — Futuro, subjuntivo inicial e léxico","B1 · Subjuntivo inicial e narração","28","Pluscuamperfecto e narração","Organizar narrativas no passado com o pluscuamperfecto","base linguística","Intermediário","1","T4",21,"2027-08-09","2ª","lacuna;ordenar;discursiva","ESP-04-04","","8"
"ESP-04-06","Língua Espanhola","4","B1 — Futuro, subjuntivo inicial e léxico","B1 · Léxico e coesão","29","Heterossemânticos: mesma forma, outro sentido","Identificar palavras iguais ao português com sentido diferente (apellido, rubio, largo, vaso)","base linguística","Intermediário","1","T4",21,"2027-08-09","2ª","associar;flashcard;multipla_escolha","ESP-04-05","Universidad de Alcalá, Señas: diccionario para la enseñanza de la lengua española para brasileños","8"
"ESP-04-07","Língua Espanhola","4","B1 — Futuro, subjuntivo inicial e léxico","B1 · Léxico e coesão","30","Falsos cognatos de alta frequência","Evitar falsos cognatos frequentes (asistir, aceite, cena, tirar)","base linguística","Intermediário","1","T4",22,"2027-08-23","2ª","associar;certo_errado;flashcard","ESP-04-06","Universidad de Alcalá, Señas: diccionario para la enseñanza de la lengua española para brasileños","7"
"ESP-04-08","Língua Espanhola","4","B1 — Futuro, subjuntivo inicial e léxico","B1 · Léxico e coesão","31","Conectores básicos","Articular ideias com conectores de adição, oposição, causa e consequência (además, sin embargo, porque, por lo tanto)","base linguística","Intermediário","1","T4",23,"2027-09-06","2ª","ordenar;lacuna","ESP-04-07","","7"
"ESP-05-01","Língua Espanhola","5","B1 — Leitura, escrita e checkpoint B1","B1 · Leitura e escrita","32","Leitura de notícias breves","Compreender a ideia central e os detalhes de notícias curtas de jornal em espanhol","base linguística","Intermediário","1","T4",24,"2027-09-20","2ª","multipla_escolha;certo_errado;resposta_curta","ESP-04-08","El País (jornal)","9"
"ESP-05-02","Língua Espanhola","5","B1 — Leitura, escrita e checkpoint B1","B1 · Leitura e escrita","33","Parágrafo de opinião","Redigir um parágrafo de opinião com tese, argumento e conclusão","base linguística","Intermediário","1","T4",25,"2027-10-04","2ª","discursiva;lacuna","ESP-05-01","","9"
"ESP-05-03","Língua Espanhola","5","B1 — Leitura, escrita e checkpoint B1","B1 · Leitura e escrita","34","Primeiras versões PT→ES","Traduzir frases curtas do português para o espanhol preservando sentido e correção","Versão de um texto em língua portuguesa para a língua espanhola","Intermediário","1","T4",25,"2027-10-04","2ª","traducao;lacuna","ESP-05-02","","8"
"ESP-05-04","Língua Espanhola","5","B1 — Leitura, escrita e checkpoint B1","B1 · Checkpoint","35","Checkpoint B1","Demonstrar domínio do nível B1 em leitura, gramática, versão de frases e escrita","base linguística","Intermediário","1","T4",26,"2027-10-18","2ª","multipla_escolha;lacuna;traducao;discursiva","ESP-05-03","Conselho da Europa, Quadro Europeu Comum de Referência para as Línguas","10"
"ESP-06-01","Língua Espanhola","6","B2 — Gramática avançada","B2 · Subjuntivo","36","Subjuntivo em orações substantivas","Escolher entre indicativo e subjuntivo após verbos de desejo, dúvida, opinião e juízo de valor","técnica","Intermediário","2","T5",27,"2027-11-01","2ª","multipla_escolha;lacuna;certo_errado","ESP-05-04","RAE e ASALE, Nueva gramática de la lengua española: Manual","9"
"ESP-06-02","Língua Espanhola","6","B2 — Gramática avançada","B2 · Subjuntivo","37","Subjuntivo em orações adverbiais e relativas","Empregar o subjuntivo com cuando, aunque, para que, antes de que e em relativas de antecedente indefinido","técnica","Intermediário","2","T5",28,"2027-11-15","2ª","lacuna;multipla_escolha;traducao","ESP-06-01","RAE e ASALE, Nueva gramática de la lengua española: Manual","9"
"ESP-06-03","Língua Espanhola","6","B2 — Gramática avançada","B2 · Subjuntivo","38","Subjuntivo imperfecto e períodos com si","Construir períodos hipotéticos (si tuviera tiempo, viajaría) com subjuntivo imperfecto e condicional","técnica","Intermediário","2","T5",29,"2027-11-29","2ª","lacuna;ordenar;traducao","ESP-06-02","RAE e ASALE, Nueva gramática de la lengua española: Manual","9"
"ESP-06-04","Língua Espanhola","6","B2 — Gramática avançada","B2 · Voz e perífrases","39","Passiva, passiva reflexa e impessoais com se","Distinguir a voz passiva, a passiva reflexa e as construções impessoais com se","técnica","Intermediário","2","T5",30,"2027-12-13","2ª","multipla_escolha;lacuna;traducao","ESP-06-03","RAE e ASALE, Nueva gramática de la lengua española: Manual","9"
"ESP-06-05","Língua Espanhola","6","B2 — Gramática avançada","B2 · Voz e perífrases","40","Perífrases verbais","Usar perífrases como acabar de, volver a, llevar + gerúndio, tener que e haber de","técnica","Intermediário","2","T5",30,"2027-12-13","2ª","lacuna;associar;traducao","ESP-06-04","RAE e ASALE, Nueva gramática de la lengua española: Manual","8"
"ESP-06-06","Língua Espanhola","6","B2 — Gramática avançada","B2 · Discurso e regência","41","Discurso indireto e correlação de tempos","Transpor discurso direto para indireto ajustando tempos verbais e marcadores","técnica","Intermediário","2","T5",31,"2027-12-27","2ª","lacuna;ordenar;traducao","ESP-06-05","","9"
"ESP-06-07","Língua Espanhola","6","B2 — Gramática avançada","B2 · Discurso e regência","42","Regência verbal e preposicional","Aplicar regências como soñar con, depender de, consistir en e pensar en","técnica","Intermediário","2","T5",32,"2028-01-10","2ª","lacuna;multipla_escolha;flashcard","ESP-06-06","RAE, Diccionario panhispánico de dudas","8"
"ESP-07-01","Língua Espanhola","7","B2 — Léxico, registro e vocabulário de RI","B2 · Registro e variação","43","Registro formal e coloquial","Adequar vocabulário e sintaxe ao registro formal exigido em textos de prova","técnica","Intermediário","2","T6",33,"2028-01-24","2ª","multipla_escolha;associar;discursiva","ESP-06-07","","8"
"ESP-07-02","Língua Espanhola","7","B2 — Léxico, registro e vocabulário de RI","B2 · Registro e variação","44","Variação do espanhol: voseo, ustedes e americanismos","Reconhecer variação regional (voseo, ustedes no lugar de vosotros, americanismos) em textos de imprensa","técnica","Intermediário","2","T6",34,"2028-02-07","2ª","multipla_escolha;certo_errado;resposta_curta","ESP-07-01","RAE, Diccionario panhispánico de dudas","8"
"ESP-07-03","Língua Espanhola","7","B2 — Léxico, registro e vocabulário de RI","B2 · Registro e variação","45","Heterossemânticos e falsos amigos avançados","Resolver armadilhas lexicais ES-PT em contexto de textos argumentativos","técnica","Intermediário","2","T6",35,"2028-02-21","2ª","associar;multipla_escolha;traducao","ESP-07-02","Universidad de Alcalá, Señas: diccionario para la enseñanza de la lengua española para brasileños","9"
"ESP-07-04","Língua Espanhola","7","B2 — Léxico, registro e vocabulário de RI","B2 · Vocabulário temático","46","Vocabulário de política e relações internacionais","Dominar vocabulário de política externa (cumbre, tratado, cancillería, canciller)","técnica","Intermediário","2","T6",36,"2028-03-06","2ª","flashcard;associar;lacuna","ESP-07-03","El País (jornal)","9"
"ESP-07-05","Língua Espanhola","7","B2 — Léxico, registro e vocabulário de RI","B2 · Vocabulário temático","47","Vocabulário jurídico","Usar vocabulário jurídico (ley, sentencia, recurso, norma) em textos formais","técnica","Intermediário","2","T6",36,"2028-03-06","2ª","flashcard;associar;lacuna","ESP-07-04","","8"
"ESP-07-06","Língua Espanhola","7","B2 — Léxico, registro e vocabulário de RI","B2 · Vocabulário temático","48","Vocabulário econômico e financeiro","Usar vocabulário econômico e financeiro em leitura e redação","técnica","Intermediário","2","T6",37,"2028-03-20","2ª","flashcard;associar;lacuna","ESP-07-05","","8"
"ESP-07-07","Língua Espanhola","7","B2 — Léxico, registro e vocabulário de RI","B2 · Formação de palavras","49","Sufixos, prefixos e nominalização","Formar substantivos a partir de verbos e adjetivos (-ción, -miento, -dad) para ganhar concisão","técnica","Intermediário","2","T6",38,"2028-04-03","2ª","lacuna;associar;traducao","ESP-07-06","","8"
"ESP-07-08","Língua Espanhola","7","B2 — Léxico, registro e vocabulário de RI","B2 · Checkpoint","50","Checkpoint B2","Demonstrar domínio do nível B2 em leitura, gramática, léxico e escrita","técnica","Intermediário","2","T6",39,"2028-04-17","2ª","multipla_escolha;lacuna;traducao;discursiva","ESP-07-07","Conselho da Europa, Quadro Europeu Comum de Referência para as Línguas","10"
"ESP-08-01","Língua Espanhola","8","B2–C1 — Técnica de resumo em espanhol","B2–C1 · O que a banca avalia","51","Critérios de avaliação do resumo","Descrever os critérios do edital para o resumo: capacidade de síntese e registro de linguagem elaborado","Elaboração de resumo, em espanhol, a partir de texto escrito em língua espanhola","Avançado","2","T7",40,"2028-05-01","2ª","certo_errado;multipla_escolha","ESP-07-08","","7"
"ESP-08-02","Língua Espanhola","8","B2–C1 — Técnica de resumo em espanhol","B2–C1 · O que a banca avalia","52","Tese, argumentos e estrutura do texto","Identificar tese, argumentos e organização de um texto jornalístico ou ensaístico","Elaboração de resumo, em espanhol, a partir de texto escrito em língua espanhola","Avançado","2","T7",41,"2028-05-15","2ª","resposta_curta;ordenar;resumo","ESP-08-01","","9"
"ESP-08-03","Língua Espanhola","8","B2–C1 — Técnica de resumo em espanhol","B2–C1 · Síntese","53","Hierarquizar ideias e descartar exemplos","Hierarquizar as ideias do texto e descartar exemplos, respeitando o limite de extensão do enunciado","Elaboração de resumo, em espanhol, a partir de texto escrito em língua espanhola","Avançado","2","T7",41,"2028-05-15","2ª","ordenar;resumo","ESP-08-02","","9"
"ESP-08-04","Língua Espanhola","8","B2–C1 — Técnica de resumo em espanhol","B2–C1 · Síntese","54","Paráfrase: reformular sem copiar","Reformular trechos do texto em palavras próprias sem copiar o original","Elaboração de resumo, em espanhol, a partir de texto escrito em língua espanhola","Avançado","2","T7",42,"2028-05-29","2ª","traducao;resumo;lacuna","ESP-08-03","","9"
"ESP-08-05","Língua Espanhola","8","B2–C1 — Técnica de resumo em espanhol","B2–C1 · Síntese","55","Conectores e coesão no resumo","Encadear as ideias do resumo com conectores de registro elevado","Elaboração de resumo, em espanhol, a partir de texto escrito em língua espanhola","Avançado","2","T7",43,"2028-06-12","2ª","lacuna;ordenar;resumo","ESP-08-04","","8"
"ESP-08-06","Língua Espanhola","8","B2–C1 — Técnica de resumo em espanhol","B2–C1 · Prática por gênero textual","56","Resumo de um editorial","Resumir um editorial de jornal em espanhol mantendo a tese do autor","Elaboração de resumo, em espanhol, a partir de texto escrito em língua espanhola","Avançado","2","T7",44,"2028-06-26","2ª","resumo;discursiva","ESP-08-05","El País (jornal)","10"
"ESP-08-07","Língua Espanhola","8","B2–C1 — Técnica de resumo em espanhol","B2–C1 · Prática por gênero textual","57","Resumo de texto sobre relações internacionais","Resumir um texto sobre política internacional usando vocabulário temático preciso","Elaboração de resumo, em espanhol, a partir de texto escrito em língua espanhola","Avançado","2","T7",44,"2028-06-26","2ª","resumo;discursiva","ESP-08-06","","10"
"ESP-08-08","Língua Espanhola","8","B2–C1 — Técnica de resumo em espanhol","B2–C1 · Prática por gênero textual","58","Autoavaliação do resumo","Aplicar uma grade de autocorreção (fidelidade, síntese, registro, correção) ao próprio resumo","Elaboração de resumo, em espanhol, a partir de texto escrito em língua espanhola","Avançado","2","T7",45,"2028-07-10","2ª","certo_errado;resposta_curta;resumo","ESP-08-07","","8"
"ESP-09-01","Língua Espanhola","9","B2–C1 — Técnica de versão PT→ES","B2–C1 · O que a banca avalia","59","Critérios de avaliação da versão","Descrever os critérios do edital para a versão: fidelidade ao texto-fonte, respeito ao registro e correção morfossintática e lexical","Versão de um texto em língua portuguesa para a língua espanhola","Avançado","2","T8",46,"2028-07-24","2ª","certo_errado;multipla_escolha","ESP-08-08","","7"
"ESP-09-02","Língua Espanhola","9","B2–C1 — Técnica de versão PT→ES","B2–C1 · Método","60","Leitura do texto-fonte e unidades de tradução","Segmentar o texto em português em unidades de tradução antes de verter","Versão de um texto em língua portuguesa para a língua espanhola","Avançado","2","T8",47,"2028-08-07","2ª","ordenar;traducao","ESP-09-01","","8"
"ESP-09-03","Língua Espanhola","9","B2–C1 — Técnica de versão PT→ES","B2–C1 · Armadilhas PT→ES","61","Armadilhas lexicais: falsos amigos e heterossemânticos","Evitar falsos cognatos e heterossemânticos ao verter textos para o espanhol","Versão de um texto em língua portuguesa para a língua espanhola","Avançado","2","T8",47,"2028-08-07","2ª","traducao;associar;multipla_escolha","ESP-09-02","Universidad de Alcalá, Señas: diccionario para la enseñanza de la lengua española para brasileños","9"
"ESP-09-04","Língua Espanhola","9","B2–C1 — Técnica de versão PT→ES","B2–C1 · Armadilhas PT→ES","62","Gênero e concordância na versão","Garantir gênero e concordância corretos, inclusive em heterogenéricos, ao verter","Versão de um texto em língua portuguesa para a língua espanhola","Avançado","2","T8",48,"2028-08-21","2ª","traducao;lacuna;certo_errado","ESP-09-03","RAE e ASALE, Nueva gramática de la lengua española: Manual","8"
"ESP-09-05","Língua Espanhola","9","B2–C1 — Técnica de versão PT→ES","B2–C1 · Armadilhas PT→ES","63","Infinitivo pessoal e futuro do subjuntivo","Verter o infinitivo pessoal e o futuro do subjuntivo do português para estruturas espanholas (cuando vaya)","Versão de um texto em língua portuguesa para a língua espanhola","Avançado","2","T8",49,"2028-09-04","2ª","traducao;lacuna","ESP-09-04","RAE e ASALE, Nueva gramática de la lengua española: Manual","9"
"ESP-09-06","Língua Espanhola","9","B2–C1 — Técnica de versão PT→ES","B2–C1 · Armadilhas PT→ES","64","Pronomes, clíticos e tratamento","Verter pronomes, colocação pronominal e formas de tratamento (você, a gente) do português para o espanhol","Versão de um texto em língua portuguesa para a língua espanhola","Avançado","2","T8",50,"2028-09-18","2ª","traducao;lacuna;ordenar","ESP-09-05","RAE e ASALE, Nueva gramática de la lengua española: Manual","9"
"ESP-09-07","Língua Espanhola","9","B2–C1 — Técnica de versão PT→ES","B2–C1 · Armadilhas PT→ES","65","Gerúndio, preposições e regências na versão","Escolher gerúndio, preposição e regência corretos ao verter","Versão de um texto em língua portuguesa para a língua espanhola","Avançado","2","T8",51,"2028-10-02","2ª","traducao;lacuna","ESP-09-06","RAE, Diccionario panhispánico de dudas","8"
"ESP-09-08","Língua Espanhola","9","B2–C1 — Técnica de versão PT→ES","B2–C1 · Prática por gênero textual","66","Versão de textos jurídico-diplomáticos","Verter um texto jurídico-diplomático em português preservando o registro","Versão de um texto em língua portuguesa para a língua espanhola","Avançado","2","T8",51,"2028-10-02","2ª","traducao;discursiva","ESP-09-07","","10"
"ESP-09-09","Língua Espanhola","9","B2–C1 — Técnica de versão PT→ES","B2–C1 · Checkpoint","67","Checkpoint C1","Demonstrar desempenho próximo ao C1 em resumo e versão curtos","Elaboração de resumo, em espanhol, a partir de texto escrito em língua espanhola + Versão de um texto em língua portuguesa para a língua espanhola","Avançado","2","T8",52,"2028-10-16","2ª","resumo;traducao;discursiva","ESP-09-08","Conselho da Europa, Quadro Europeu Comum de Referência para as Línguas","10"
"ESP-10-01","Língua Espanhola","10","C1 — Treino de prova","C1 · Simulados","68","Simulado de resumo 1","Resumir um texto autêntico em espanhol sob condições de prova","Elaboração de resumo, em espanhol, a partir de texto escrito em língua espanhola","Avançado","3","T9",53,"2028-10-30","2ª","resumo","ESP-09-09","","10"
"ESP-10-02","Língua Espanhola","10","C1 — Treino de prova","C1 · Simulados","69","Simulado de versão 1","Verter um texto em português para o espanhol sob condições de prova","Versão de um texto em língua portuguesa para a língua espanhola","Avançado","3","T9",55,"2028-11-27","2ª","traducao","ESP-10-01","","10"
"ESP-10-03","Língua Espanhola","10","C1 — Treino de prova","C1 · Correção e revisão","70","Caderno de erros","Classificar os erros recorrentes dos simulados em um caderno de erros","técnica","Avançado","3","T9",56,"2028-12-11","2ª","resposta_curta;flashcard","ESP-10-02","","8"
"ESP-10-04","Língua Espanhola","10","C1 — Treino de prova","C1 · Simulados","71","Simulado completo cronometrado","Executar resumo e versão no mesmo bloco, no tempo previsto no edital da prova","Elaboração de resumo, em espanhol, a partir de texto escrito em língua espanhola + Versão de um texto em língua portuguesa para a língua espanhola","Avançado","3","T10",58,"2029-01-08","2ª","resumo;traducao","ESP-10-03","","10"
"ESP-10-05","Língua Espanhola","10","C1 — Treino de prova","C1 · Correção e revisão","72","Correção pelos critérios do edital","Corrigir o próprio simulado pelos critérios do edital (síntese, registro, fidelidade, correção)","Elaboração de resumo, em espanhol, a partir de texto escrito em língua espanhola + Versão de um texto em língua portuguesa para a língua espanhola","Avançado","3","T10",60,"2029-02-05","2ª","certo_errado;resposta_curta;discursiva","ESP-10-04","","9"
"ESP-10-06","Língua Espanhola","10","C1 — Treino de prova","C1 · Correção e revisão","73","Revisão final de léxico e armadilhas","Revisar falsos cognatos, heterogenéricos, conectores e regências antes da prova","técnica","Avançado","3","T11",62,"2029-03-05","2ª","flashcard;associar;lacuna","ESP-10-05","","8"
"ESP-10-07","Língua Espanhola","10","C1 — Treino de prova","C1 · Simulados","74","Simulado final","Executar resumo e versão completos como ensaio geral da prova","Elaboração de resumo, em espanhol, a partir de texto escrito em língua espanhola + Versão de um texto em língua portuguesa para a língua espanhola","Avançado","3","T11",64,"2029-04-02","2ª","resumo;traducao","ESP-10-06","","10"
"FRA-01-01","Língua Francesa","1","A1 — Sons, letras e primeiras frases","A1 · Alfabeto e pronúncia","1","Alfabeto, sons e acentos","Reconhecer as letras, os acentos (é, è, ê, à, ù, ç) e os sons básicos do francês","base linguística","Básico","1","T1",1,"2026-11-02","2ª","audio;associar;flashcard","","","8"
"FRA-01-02","Língua Francesa","1","A1 — Sons, letras e primeiras frases","A1 · Alfabeto e pronúncia","2","Vogais nasais, o r francês e a liaison","Pronunciar vogais nasais e o r francês e aplicar liaison e enchaînement em frases curtas","base linguística","Básico","1","T1",2,"2026-11-16","2ª","audio;multipla_escolha","FRA-01-01","","8"
"FRA-01-03","Língua Francesa","1","A1 — Sons, letras e primeiras frases","A1 · Cumprimentos e apresentação","3","Salutations e tu/vous","Cumprimentar e despedir-se escolhendo entre tu e vous","base linguística","Básico","1","T1",2,"2026-11-16","2ª","associar;audio;flashcard","FRA-01-02","","6"
"FRA-01-04","Língua Francesa","1","A1 — Sons, letras e primeiras frases","A1 · Cumprimentos e apresentação","4","Apresentar-se: nome, nacionalidade e profissão","Apresentar-se com être e s'appeler informando nome, nacionalidade e profissão","base linguística","Básico","1","T1",3,"2026-11-30","2ª","lacuna;resposta_curta;audio","FRA-01-03","","8"
"FRA-01-05","Língua Francesa","1","A1 — Sons, letras e primeiras frases","A1 · Cumprimentos e apresentação","5","Números, datas e horas","Usar números até 100 (incluindo soixante-dix, quatre-vingts, quatre-vingt-dix), datas e horas","base linguística","Básico","1","T1",4,"2026-12-14","2ª","associar;lacuna;audio","FRA-01-04","","8"
"FRA-01-06","Língua Francesa","1","A1 — Sons, letras e primeiras frases","A1 · Primeiro contraste com o português","6","Cognatos transparentes e primeiros falsos amigos","Distinguir cognatos transparentes de falsos amigos frequentes (librairie e bibliothèque, demander, rester)","base linguística","Básico","1","T1",5,"2026-12-28","2ª","associar;multipla_escolha;flashcard","FRA-01-05","","7"
"FRA-02-01","Língua Francesa","2","A1 — Estrutura básica da frase","A1 · Substantivos e artigos","7","Artigos definidos, indefinidos e partitivos","Empregar artigos definidos, indefinidos e partitivos (du, de la, des) e as contrações au, aux, du, des","base linguística","Básico","1","T1",5,"2026-12-28","2ª","lacuna;multipla_escolha","FRA-01-06","CLE International, Grammaire progressive du français","8"
"FRA-02-02","Língua Francesa","2","A1 — Estrutura básica da frase","A1 · Substantivos e artigos","8","Gênero e número: heterogenéricos","Identificar o gênero de substantivos que mudam de gênero em relação ao português (le pont, la dent, un arbre, la mer, le voyage)","base linguística","Básico","1","T1",6,"2027-01-11","2ª","associar;certo_errado;flashcard","FRA-02-01","Grevisse e Goosse, Le Bon Usage","8"
"FRA-02-03","Língua Francesa","2","A1 — Estrutura básica da frase","A1 · Presente de indicativo","9","Présent: verbos em -er","Conjugar verbos regulares em -er no présent","base linguística","Básico","1","T2",7,"2027-01-25","2ª","lacuna;multipla_escolha;resposta_curta","FRA-02-02","Bescherelle, La conjugaison pour tous","8"
"FRA-02-04","Língua Francesa","2","A1 — Estrutura básica da frase","A1 · Presente de indicativo","10","Être, avoir e expressões com avoir","Usar être e avoir, incluindo expressões como avoir faim e avoir vingt ans","base linguística","Básico","1","T2",8,"2027-02-08","2ª","lacuna;associar;multipla_escolha","FRA-02-03","Bescherelle, La conjugaison pour tous","8"
"FRA-02-05","Língua Francesa","2","A1 — Estrutura básica da frase","A1 · Presente de indicativo","11","Aller, faire, venir, vouloir e pouvoir","Conjugar no présent os verbos irregulares mais frequentes","base linguística","Básico","1","T2",8,"2027-02-08","2ª","lacuna;flashcard;resposta_curta","FRA-02-04","Bescherelle, La conjugaison pour tous","9"
"FRA-02-06","Língua Francesa","2","A1 — Estrutura básica da frase","A1 · Perguntas, negação e determinantes","12","Interrogação e negação","Formular perguntas (est-ce que, inversão) e negar com ne… pas, jamais e rien","base linguística","Básico","1","T2",9,"2027-02-22","2ª","ordenar;lacuna;resposta_curta","FRA-02-05","","8"
"FRA-02-07","Língua Francesa","2","A1 — Estrutura básica da frase","A1 · Perguntas, negação e determinantes","13","Possessivos e demonstrativos","Escolher possessivos e demonstrativos (ce, cet, cette, ces) concordando com o substantivo","base linguística","Básico","1","T2",10,"2027-03-08","2ª","multipla_escolha;lacuna","FRA-02-06","","6"
"FRA-02-08","Língua Francesa","2","A1 — Estrutura básica da frase","A1 · Checkpoint","14","Checkpoint A1","Demonstrar domínio do nível A1 em compreensão auditiva, vocabulário e gramática básica","base linguística","Básico","1","T2",11,"2027-03-22","2ª","multipla_escolha;lacuna;audio;resposta_curta","FRA-02-07","Conseil de l'Europe, Cadre européen commun de référence pour les langues","10"
"FRA-03-01","Língua Francesa","3","A2 — Rotina, pronomes e passado","A2 · Verbos do cotidiano","15","Verbos em -ir e -re","Conjugar verbos regulares em -ir (finir) e -re (vendre) no présent","base linguística","Básico","1","T2",12,"2027-04-05","2ª","lacuna;flashcard;multipla_escolha","FRA-02-08","Bescherelle, La conjugaison pour tous","8"
"FRA-03-02","Língua Francesa","3","A2 — Rotina, pronomes e passado","A2 · Verbos do cotidiano","16","Verbos pronominais e rotina","Descrever a rotina diária com verbos pronominais","base linguística","Básico","1","T2",12,"2027-04-05","2ª","lacuna;resposta_curta;ordenar","FRA-03-01","","7"
"FRA-03-03","Língua Francesa","3","A2 — Rotina, pronomes e passado","A2 · Verbos do cotidiano","17","Preposições com países e cidades","Escolher à, en, au, aux e de com nomes de cidades e países","base linguística","Básico","1","T2",13,"2027-04-19","2ª","lacuna;multipla_escolha;associar","FRA-03-02","","7"
"FRA-03-04","Língua Francesa","3","A2 — Rotina, pronomes e passado","A2 · Pronomes","18","Pronomes COD e COI","Substituir complementos diretos e indiretos por le, la, les, lui e leur","base linguística","Básico","1","T3",14,"2027-05-03","2ª","lacuna;ordenar;traducao","FRA-03-03","CLE International, Grammaire progressive du français","9"
"FRA-03-05","Língua Francesa","3","A2 — Rotina, pronomes e passado","A2 · Pronomes","19","Pronomes y e en","Empregar y e en, pronomes sem equivalente direto no português","base linguística","Básico","1","T3",15,"2027-05-17","2ª","lacuna;ordenar;traducao","FRA-03-04","CLE International, Grammaire progressive du français","9"
"FRA-03-06","Língua Francesa","3","A2 — Rotina, pronomes e passado","A2 · Passado","20","Passé composé com avoir","Formar o passé composé com avoir e os particípios passados irregulares frequentes","base linguística","Básico","1","T3",15,"2027-05-17","2ª","lacuna;flashcard;resposta_curta","FRA-03-05","Bescherelle, La conjugaison pour tous","8"
"FRA-03-07","Língua Francesa","3","A2 — Rotina, pronomes e passado","A2 · Passado","21","Passé composé com être e concordância do particípio","Distinguir verbos conjugados com être e concordar o particípio passado","base linguística","Básico","1","T3",16,"2027-05-31","2ª","lacuna;multipla_escolha;certo_errado","FRA-03-06","Grevisse e Goosse, Le Bon Usage","9"
"FRA-03-08","Língua Francesa","3","A2 — Rotina, pronomes e passado","A2 · Passado","22","Imparfait e contraste com o passé composé","Narrar no passado contrastando imparfait (cenário, hábito) e passé composé (fato pontual)","base linguística","Básico","1","T3",17,"2027-06-14","2ª","lacuna;ordenar;discursiva","FRA-03-07","","9"
"FRA-03-09","Língua Francesa","3","A2 — Rotina, pronomes e passado","A2 · Checkpoint","23","Checkpoint A2","Demonstrar domínio do nível A2 em leitura, gramática e produção escrita curta","base linguística","Básico","1","T3",17,"2027-06-14","2ª","multipla_escolha;lacuna;resposta_curta;traducao","FRA-03-08","Conseil de l'Europe, Cadre européen commun de référence pour les langues","10"
"FRA-04-01","Língua Francesa","4","B1 — Futuro, subjuntivo inicial e léxico","B1 · Futuro, condicional e imperativo","24","Futur proche e futur simple","Expressar planos e previsões com futur proche e futur simple","base linguística","Intermediário","1","T3",18,"2027-06-28","2ª","lacuna;resposta_curta","FRA-03-09","Bescherelle, La conjugaison pour tous","7"
"FRA-04-02","Língua Francesa","4","B1 — Futuro, subjuntivo inicial e léxico","B1 · Futuro, condicional e imperativo","25","Conditionnel présent e cortesia","Usar o conditionnel présent em pedidos corteses e hipóteses","base linguística","Intermediário","1","T3",19,"2027-07-12","2ª","lacuna;multipla_escolha","FRA-04-01","","7"
"FRA-04-03","Língua Francesa","4","B1 — Futuro, subjuntivo inicial e léxico","B1 · Futuro, condicional e imperativo","26","Impératif e pronomes","Formar o imperativo e posicionar os pronomes complemento nas formas afirmativa e negativa","base linguística","Intermediário","1","T3",19,"2027-07-12","2ª","lacuna;ordenar;certo_errado","FRA-04-02","CLE International, Grammaire progressive du français","8"
"FRA-04-04","Língua Francesa","4","B1 — Futuro, subjuntivo inicial e léxico","B1 · Subjuntivo inicial e narração","27","Subjonctif présent","Formar o subjonctif présent e usá-lo após expressões de desejo, necessidade e dúvida","base linguística","Intermediário","1","T4",20,"2027-07-26","2ª","lacuna;multipla_escolha;resposta_curta","FRA-04-03","Grevisse e Goosse, Le Bon Usage","9"
"FRA-04-05","Língua Francesa","4","B1 — Futuro, subjuntivo inicial e léxico","B1 · Subjuntivo inicial e narração","28","Plus-que-parfait e narração","Organizar narrativas no passado com o plus-que-parfait","base linguística","Intermediário","1","T4",21,"2027-08-09","2ª","lacuna;ordenar;discursiva","FRA-04-04","","8"
"FRA-04-06","Língua Francesa","4","B1 — Futuro, subjuntivo inicial e léxico","B1 · Léxico e coesão","29","Falsos amigos e heterossemânticos","Identificar palavras próximas ao português com sentido diferente (rester, commander, tirer, habiller)","base linguística","Intermediário","1","T4",21,"2027-08-09","2ª","associar;flashcard;multipla_escolha","FRA-04-05","","8"
"FRA-04-07","Língua Francesa","4","B1 — Futuro, subjuntivo inicial e léxico","B1 · Léxico e coesão","30","Pronomes relativos: qui, que, dont, où","Escolher o pronome relativo correto, em especial dont","base linguística","Intermediário","1","T4",22,"2027-08-23","2ª","lacuna;multipla_escolha;ordenar","FRA-04-06","CLE International, Grammaire progressive du français","8"
"FRA-04-08","Língua Francesa","4","B1 — Futuro, subjuntivo inicial e léxico","B1 · Léxico e coesão","31","Conectores lógicos básicos","Articular ideias com conectores de oposição, causa e consequência (mais, donc, parce que, pourtant, cependant)","base linguística","Intermediário","1","T4",23,"2027-09-06","2ª","ordenar;lacuna","FRA-04-07","","7"
"FRA-05-01","Língua Francesa","5","B1 — Leitura, escrita e checkpoint B1","B1 · Leitura e escrita","32","Leitura de notícias curtas","Compreender a ideia central e os detalhes de notícias curtas de jornal em francês","base linguística","Intermediário","1","T4",24,"2027-09-20","2ª","multipla_escolha;certo_errado;resposta_curta","FRA-04-08","Le Monde (jornal)","9"
"FRA-05-02","Língua Francesa","5","B1 — Leitura, escrita e checkpoint B1","B1 · Leitura e escrita","33","Parágrafo de opinião","Redigir um parágrafo de opinião com tese, argumento e conclusão","base linguística","Intermediário","1","T4",25,"2027-10-04","2ª","discursiva;lacuna","FRA-05-01","","9"
"FRA-05-03","Língua Francesa","5","B1 — Leitura, escrita e checkpoint B1","B1 · Leitura e escrita","34","Primeiras versões PT→FR","Traduzir frases curtas do português para o francês preservando sentido e correção","Versão de um texto em língua portuguesa para a língua francesa","Intermediário","1","T4",25,"2027-10-04","2ª","traducao;lacuna","FRA-05-02","","8"
"FRA-05-04","Língua Francesa","5","B1 — Leitura, escrita e checkpoint B1","B1 · Checkpoint","35","Checkpoint B1","Demonstrar domínio do nível B1 em leitura, gramática, versão de frases e escrita","base linguística","Intermediário","1","T4",26,"2027-10-18","2ª","multipla_escolha;lacuna;traducao;discursiva","FRA-05-03","Conseil de l'Europe, Cadre européen commun de référence pour les langues","10"
"FRA-06-01","Língua Francesa","6","B2 — Gramática avançada","B2 · Subjuntivo e hipótese","36","Subjonctif em orações substantivas","Empregar o subjonctif após vouloir que, il faut que e douter que","técnica","Intermediário","2","T5",27,"2027-11-01","2ª","multipla_escolha;lacuna;certo_errado","FRA-05-04","Grevisse e Goosse, Le Bon Usage","9"
"FRA-06-02","Língua Francesa","6","B2 — Gramática avançada","B2 · Subjuntivo e hipótese","37","Subjonctif ou indicatif após locuções conjuntivas","Escolher entre subjonctif e indicatif após bien que, pour que, avant que e après que","técnica","Intermediário","2","T5",28,"2027-11-15","2ª","multipla_escolha;lacuna;traducao","FRA-06-01","Grevisse e Goosse, Le Bon Usage","9"
"FRA-06-03","Língua Francesa","6","B2 — Gramática avançada","B2 · Subjuntivo e hipótese","38","Hipótese com si e conditionnel passé","Construir períodos hipotéticos com si + imparfait e si + plus-que-parfait e os condicionais correspondentes","técnica","Intermediário","2","T5",29,"2027-11-29","2ª","lacuna;ordenar;traducao","FRA-06-02","CLE International, Grammaire progressive du français","9"
"FRA-06-04","Língua Francesa","6","B2 — Gramática avançada","B2 · Tempos literários e voz","39","Passé simple e subjonctif imparfait na leitura","Reconhecer o passé simple e o subjonctif imparfait em textos literários e jornalísticos formais","técnica","Intermediário","2","T5",30,"2027-12-13","2ª","multipla_escolha;lacuna;resposta_curta","FRA-06-03","Riegel, Pellat e Rioul, Grammaire méthodique du français","9"
"FRA-06-05","Língua Francesa","6","B2 — Gramática avançada","B2 · Tempos literários e voz","40","Voz passiva, pronominal passiva e on","Distinguir a voz passiva, o pronominal de sentido passivo e o pronome on","técnica","Intermediário","2","T5",30,"2027-12-13","2ª","multipla_escolha;lacuna;traducao","FRA-06-04","Grevisse e Goosse, Le Bon Usage","9"
"FRA-06-06","Língua Francesa","6","B2 — Gramática avançada","B2 · Tempos literários e voz","41","Particípio presente, gérondif e adjetivo verbal","Distinguir particípio presente, gérondif (en + -ant) e adjetivo verbal","técnica","Intermediário","2","T5",31,"2027-12-27","2ª","lacuna;multipla_escolha;traducao","FRA-06-05","Grevisse e Goosse, Le Bon Usage","8"
"FRA-06-07","Língua Francesa","6","B2 — Gramática avançada","B2 · Discurso","42","Discurso indireto e concordância de tempos","Transpor discurso direto para indireto ajustando tempos verbais e marcadores","técnica","Intermediário","2","T5",32,"2028-01-10","2ª","lacuna;ordenar;traducao","FRA-06-06","CLE International, Grammaire progressive du français","9"
"FRA-07-01","Língua Francesa","7","B2 — Léxico, registro e vocabulário de RI","B2 · Registro e variação","43","Registros: soutenu, courant e familier","Adequar vocabulário e sintaxe ao registro formal exigido em textos de prova","técnica","Intermediário","2","T6",33,"2028-01-24","2ª","multipla_escolha;associar;discursiva","FRA-06-07","","8"
"FRA-07-02","Língua Francesa","7","B2 — Léxico, registro e vocabulário de RI","B2 · Registro e variação","44","Francofonia e variação do francês","Reconhecer a diversidade do francês (França, Quebec, África francófona) e o papel da Organisation internationale de la Francophonie","técnica","Intermediário","2","T6",34,"2028-02-07","2ª","multipla_escolha;certo_errado;resposta_curta","FRA-07-01","","8"
"FRA-07-03","Língua Francesa","7","B2 — Léxico, registro e vocabulário de RI","B2 · Registro e variação","45","Falsos amigos avançados e heterossemânticos","Resolver armadilhas lexicais FR-PT em contexto de textos argumentativos","técnica","Intermediário","2","T6",35,"2028-02-21","2ª","associar;multipla_escolha;traducao","FRA-07-02","","9"
"FRA-07-04","Língua Francesa","7","B2 — Léxico, registro e vocabulário de RI","B2 · Vocabulário temático","46","Vocabulário de política e relações internacionais","Dominar vocabulário de política externa (sommet, traité, ministre des Affaires étrangères, Quai d'Orsay)","técnica","Intermediário","2","T6",36,"2028-03-06","2ª","flashcard;associar;lacuna","FRA-07-03","Le Monde (jornal)","9"
"FRA-07-05","Língua Francesa","7","B2 — Léxico, registro e vocabulário de RI","B2 · Vocabulário temático","47","Vocabulário jurídico","Usar vocabulário jurídico em textos formais (loi, jugement, recours, norme)","técnica","Intermediário","2","T6",36,"2028-03-06","2ª","flashcard;associar;lacuna","FRA-07-04","","8"
"FRA-07-06","Língua Francesa","7","B2 — Léxico, registro e vocabulário de RI","B2 · Vocabulário temático","48","Vocabulário econômico e financeiro","Usar vocabulário econômico e financeiro em leitura e redação","técnica","Intermediário","2","T6",37,"2028-03-20","2ª","flashcard;associar;lacuna","FRA-07-05","","8"
"FRA-07-07","Língua Francesa","7","B2 — Léxico, registro e vocabulário de RI","B2 · Formação de palavras","49","Sufixos, prefixos e nominalização","Formar substantivos a partir de verbos e adjetivos (-tion, -ment, -ité) para ganhar concisão","técnica","Intermediário","2","T6",38,"2028-04-03","2ª","lacuna;associar;traducao","FRA-07-06","","8"
"FRA-07-08","Língua Francesa","7","B2 — Léxico, registro e vocabulário de RI","B2 · Checkpoint","50","Checkpoint B2","Demonstrar domínio do nível B2 em leitura, gramática, léxico e escrita","técnica","Intermediário","2","T6",39,"2028-04-17","2ª","multipla_escolha;lacuna;traducao;discursiva","FRA-07-07","Conseil de l'Europe, Cadre européen commun de référence pour les langues","10"
"FRA-08-01","Língua Francesa","8","B2–C1 — Técnica de resumo em francês","B2–C1 · O que a banca avalia","51","Critérios de avaliação do resumo","Descrever os critérios do edital para o resumo: capacidade de síntese e registro de linguagem elaborado","Elaboração de resumo, em francês, a partir de texto escrito em língua francesa","Avançado","2","T7",40,"2028-05-01","2ª","certo_errado;multipla_escolha","FRA-07-08","","7"
"FRA-08-02","Língua Francesa","8","B2–C1 — Técnica de resumo em francês","B2–C1 · O que a banca avalia","52","Tese, argumentos e estrutura do texto","Identificar tese, argumentos e organização de um texto jornalístico ou ensaístico","Elaboração de resumo, em francês, a partir de texto escrito em língua francesa","Avançado","2","T7",41,"2028-05-15","2ª","resposta_curta;ordenar;resumo","FRA-08-01","","9"
"FRA-08-03","Língua Francesa","8","B2–C1 — Técnica de resumo em francês","B2–C1 · Síntese","53","Hierarquizar ideias e descartar exemplos","Hierarquizar as ideias do texto e descartar exemplos, respeitando o limite de extensão do enunciado","Elaboração de resumo, em francês, a partir de texto escrito em língua francesa","Avançado","2","T7",41,"2028-05-15","2ª","ordenar;resumo","FRA-08-02","","9"
"FRA-08-04","Língua Francesa","8","B2–C1 — Técnica de resumo em francês","B2–C1 · Síntese","54","Paráfrase: reformular sem copiar","Reformular trechos do texto em palavras próprias sem copiar o original","Elaboração de resumo, em francês, a partir de texto escrito em língua francesa","Avançado","2","T7",42,"2028-05-29","2ª","traducao;resumo;lacuna","FRA-08-03","","9"
"FRA-08-05","Língua Francesa","8","B2–C1 — Técnica de resumo em francês","B2–C1 · Síntese","55","Conectores e coesão no resumo","Encadear as ideias do resumo com conectores de registro elevado","Elaboração de resumo, em francês, a partir de texto escrito em língua francesa","Avançado","2","T7",43,"2028-06-12","2ª","lacuna;ordenar;resumo","FRA-08-04","","8"
"FRA-08-06","Língua Francesa","8","B2–C1 — Técnica de resumo em francês","B2–C1 · Prática por gênero textual","56","Resumo de um editorial","Resumir um editorial de jornal em francês mantendo a tese do autor","Elaboração de resumo, em francês, a partir de texto escrito em língua francesa","Avançado","2","T7",44,"2028-06-26","2ª","resumo;discursiva","FRA-08-05","Le Monde (jornal)","10"
"FRA-08-07","Língua Francesa","8","B2–C1 — Técnica de resumo em francês","B2–C1 · Prática por gênero textual","57","Resumo de texto sobre relações internacionais","Resumir um texto sobre política internacional usando vocabulário temático preciso","Elaboração de resumo, em francês, a partir de texto escrito em língua francesa","Avançado","2","T7",44,"2028-06-26","2ª","resumo;discursiva","FRA-08-06","","10"
"FRA-08-08","Língua Francesa","8","B2–C1 — Técnica de resumo em francês","B2–C1 · Prática por gênero textual","58","Autoavaliação do resumo","Aplicar uma grade de autocorreção (fidelidade, síntese, registro, correção) ao próprio resumo","Elaboração de resumo, em francês, a partir de texto escrito em língua francesa","Avançado","2","T7",45,"2028-07-10","2ª","certo_errado;resposta_curta;resumo","FRA-08-07","","8"
"FRA-09-01","Língua Francesa","9","B2–C1 — Técnica de versão PT→FR","B2–C1 · O que a banca avalia","59","Critérios de avaliação da versão","Descrever os critérios do edital para a versão: fidelidade ao texto-fonte, respeito ao registro e correção morfossintática e lexical","Versão de um texto em língua portuguesa para a língua francesa","Avançado","2","T8",46,"2028-07-24","2ª","certo_errado;multipla_escolha","FRA-08-08","","7"
"FRA-09-02","Língua Francesa","9","B2–C1 — Técnica de versão PT→FR","B2–C1 · Método","60","Leitura do texto-fonte e unidades de tradução","Segmentar o texto em português em unidades de tradução antes de verter","Versão de um texto em língua portuguesa para a língua francesa","Avançado","2","T8",47,"2028-08-07","2ª","ordenar;traducao","FRA-09-01","","8"
"FRA-09-03","Língua Francesa","9","B2–C1 — Técnica de versão PT→FR","B2–C1 · Armadilhas PT→FR","61","Armadilhas lexicais: falsos amigos e heterossemânticos","Evitar falsos amigos e heterossemânticos ao verter textos para o francês","Versão de um texto em língua portuguesa para a língua francesa","Avançado","2","T8",47,"2028-08-07","2ª","traducao;associar;multipla_escolha","FRA-09-02","","9"
"FRA-09-04","Língua Francesa","9","B2–C1 — Técnica de versão PT→FR","B2–C1 · Armadilhas PT→FR","62","Gênero e concordância na versão","Garantir gênero e concordância corretos, inclusive em heterogenéricos e no particípio passado, ao verter","Versão de um texto em língua portuguesa para a língua francesa","Avançado","2","T8",48,"2028-08-21","2ª","traducao;lacuna;certo_errado","FRA-09-03","Grevisse e Goosse, Le Bon Usage","8"
"FRA-09-05","Língua Francesa","9","B2–C1 — Técnica de versão PT→FR","B2–C1 · Armadilhas PT→FR","63","Infinitivo pessoal e futuro do subjuntivo","Verter o infinitivo pessoal e o futuro do subjuntivo do português para estruturas francesas (quand j'irai, pour qu'ils sortent)","Versão de um texto em língua portuguesa para a língua francesa","Avançado","2","T8",49,"2028-09-04","2ª","traducao;lacuna","FRA-09-04","Grevisse e Goosse, Le Bon Usage","9"
"FRA-09-06","Língua Francesa","9","B2–C1 — Técnica de versão PT→FR","B2–C1 · Armadilhas PT→FR","64","Pronomes y/en, clíticos e tratamento","Verter pronomes sem equivalente direto (y, en), colocação pronominal e tratamento (você, a gente) para tu, vous e on","Versão de um texto em língua portuguesa para a língua francesa","Avançado","2","T8",50,"2028-09-18","2ª","traducao;lacuna;ordenar","FRA-09-05","CLE International, Grammaire progressive du français","9"
"FRA-09-07","Língua Francesa","9","B2–C1 — Técnica de versão PT→FR","B2–C1 · Armadilhas PT→FR","65","Preposições regidas e artigos na versão","Escolher preposição e artigo corretos em regências como penser à, parler de e dépendre de","Versão de um texto em língua portuguesa para a língua francesa","Avançado","2","T8",51,"2028-10-02","2ª","traducao;lacuna","FRA-09-06","Office québécois de la langue française, Banque de dépannage linguistique","8"
"FRA-09-08","Língua Francesa","9","B2–C1 — Técnica de versão PT→FR","B2–C1 · Prática por gênero textual","66","Versão de textos jurídico-diplomáticos","Verter um texto jurídico-diplomático em português preservando o registro","Versão de um texto em língua portuguesa para a língua francesa","Avançado","2","T8",51,"2028-10-02","2ª","traducao;discursiva","FRA-09-07","","10"
"FRA-09-09","Língua Francesa","9","B2–C1 — Técnica de versão PT→FR","B2–C1 · Checkpoint","67","Checkpoint C1","Demonstrar desempenho próximo ao C1 em resumo e versão curtos","Elaboração de resumo, em francês, a partir de texto escrito em língua francesa + Versão de um texto em língua portuguesa para a língua francesa","Avançado","2","T8",52,"2028-10-16","2ª","resumo;traducao;discursiva","FRA-09-08","Conseil de l'Europe, Cadre européen commun de référence pour les langues","10"
"FRA-10-01","Língua Francesa","10","C1 — Treino de prova","C1 · Simulados","68","Simulado de resumo 1","Resumir um texto autêntico em francês sob condições de prova","Elaboração de resumo, em francês, a partir de texto escrito em língua francesa","Avançado","3","T9",53,"2028-10-30","2ª","resumo","FRA-09-09","","10"
"FRA-10-02","Língua Francesa","10","C1 — Treino de prova","C1 · Simulados","69","Simulado de versão 1","Verter um texto em português para o francês sob condições de prova","Versão de um texto em língua portuguesa para a língua francesa","Avançado","3","T9",55,"2028-11-27","2ª","traducao","FRA-10-01","","10"
"FRA-10-03","Língua Francesa","10","C1 — Treino de prova","C1 · Correção e revisão","70","Caderno de erros","Classificar os erros recorrentes dos simulados em um caderno de erros","técnica","Avançado","3","T9",56,"2028-12-11","2ª","resposta_curta;flashcard","FRA-10-02","","8"
"FRA-10-04","Língua Francesa","10","C1 — Treino de prova","C1 · Simulados","71","Simulado completo cronometrado","Executar resumo e versão no mesmo bloco, no tempo previsto no edital da prova","Elaboração de resumo, em francês, a partir de texto escrito em língua francesa + Versão de um texto em língua portuguesa para a língua francesa","Avançado","3","T10",58,"2029-01-08","2ª","resumo;traducao","FRA-10-03","","10"
"FRA-10-05","Língua Francesa","10","C1 — Treino de prova","C1 · Correção e revisão","72","Correção pelos critérios do edital","Corrigir o próprio simulado pelos critérios do edital (síntese, registro, fidelidade, correção)","Elaboração de resumo, em francês, a partir de texto escrito em língua francesa + Versão de um texto em língua portuguesa para a língua francesa","Avançado","3","T10",60,"2029-02-05","2ª","certo_errado;resposta_curta;discursiva","FRA-10-04","","9"
"FRA-10-06","Língua Francesa","10","C1 — Treino de prova","C1 · Correção e revisão","73","Revisão final de léxico e armadilhas","Revisar falsos amigos, heterogenéricos, conectores e regências antes da prova","técnica","Avançado","3","T11",62,"2029-03-05","2ª","flashcard;associar;lacuna","FRA-10-05","","8"
"FRA-10-07","Língua Francesa","10","C1 — Treino de prova","C1 · Simulados","74","Simulado final","Executar resumo e versão completos como ensaio geral da prova","Elaboração de resumo, em francês, a partir de texto escrito em língua francesa + Versão de um texto em língua portuguesa para a língua francesa","Avançado","3","T11",64,"2029-04-02","2ª","resumo;traducao","FRA-10-06","","10"
